id,n,e,p,duration
0,b019c7abfb4b7077f5f7c795c5cba0efb03883f1845e7a6eab0275cd33727870b65c935622e960a0ac3407aeef2361fa1c41e294e4e113d58126aa8eec12855ea134f09a9fc0ec673dfa5b292bd97461b21580f8105631354154ee9e6bfbc9a18b7df9249acfa7b77f1808fadf275200bb7d99c695c45e8625f58c683c63aac5,010001,d9fecc1033cc5dd6bfae991bbb9ad91f0f4be72d14cc78523ea918af284cc6467ff4e2dda817f856fd993062f3027874ae6f56b1242e677fd1b473631caf7921,0.424000000
1,eefd9666b2da98929040128cd0ac0ced8818d20bd6af90664221a3dc0c53dcd0288dc448b4e34639e3262b2a801b6705570821af057604dd6d7212271c1345cd75f76d4f6be4528273c6bea3f744197c7ccb1b963d89c93f6f3074e88a926638848fc1916b5533aa58353dc0be9a7744343904088900de2b5a261536f39d2ba9,010001,fd5f9e1fca6c89a97dd6f91ffa0780b5ba64398e5a3413af4bd8f6ada14b3743e2f860d6af0c5509014b58c89bb835db377807aab289fb3cbc4f7affc7be8cad,1.107000000
2,b5a5f506e41842dfc98b5083e820a5b649d3948e7e19baad5faa24c03d7ac5aa367fb547574e839e9d35908c977f9a0a46fbdd03817d0f09c563cb544eb2365fe74f0c8c65b9e24adf74b6a692560c5171f1845a39ce074007df575d5baacf126b8c39b39503049d6626d93592cec5be3ff50a4253c8c1a50b1e3cd8fb0b2cc7,010001,f021611423bf883907aca2fad9b9fe9a88bc35ec29daba0e86838ffafa2d73dcf67abaab63d63ba6423e83cf2c18bfd49989ae3bfa2460f3e0e992c32a4cb685,1.104000000
3,c8e2aa0df9532eedf06ea072558ec570176ae453a9c758858d3e7cc3e9f36e054090d2df87ad7fa2d1d72e0eff292e80567e0130f98b7b6fed5a068170ec0e5cbff26bfded187cd738f638a9774df11598ae7cc0adb2190198896e34c4376d8b005fcd016ea49bc271e7044d6cd590ae62e9738d108f5457aef3eaec092f6527,010001,f096e8465599d7b01a7c837ee97283f934afbaf26685f3bb46b17a9e1629d5e6d23f1adea516059b87b36752fd47470c80c2930c45685150ac3af4e4c261847d,1.499000000
4,c32a2fe9ee19451e9d78730392a1fadf7bd80c7be518982a27d2b60b009f37974d09a8bdf5c28a3952e77f52af6ed9d373981e680a303e6fcf2f774a1ff60ab906ca19abe91a0bf995aa2e6aac847ed93e0dc14fdd36ad5a3c845a08486b2f65f31e44cfe4580b1b52851857e504b5b73dfead654e43f126ffea09c15160d3f1,010001,eded1007d070324639602c3c79842c2cbcddb0166880eaf1cd1225c67083adde767875eb7ad71cfa2d89c81185070f6697c781d0a4db4c3da2c58ad4ab95caaf,3.238000000
5,d120e53d3c72c850878059b1f6a1347c58599e24bb35c749b456d24b703adb8e98b6541d102a8fca6c457fd511db82327fefd9e584bec98010c189c87ff53627df292dabb573646ed0513f004b5afa21e2bd776f20171f58ab8636104f56046746af0f688c7c7bdd7bd80ee12264a6253c307e0ef51d2af4cfe5842889578613,010001,e83beeda3485ff8e65fbf1800a14484bc89c296fb87cc272990cd361790470b51fdef80076eca969ea792bfe42600fff73d2aa96090e93b9fe0cc91b05d5af3b,2.225000000
6,cf6cf23daf47aee7483f0504e44a92e2605f0b00a141fd912a45362be28673420ada10467d69f4cee032267a87d2361e390fb9f6504d94cc7bdd2a593849de285673d01bc63c41345a9547d71665588324fa17373421bcd5802666ea4cc0afd224f0c2c7629225ea9d3767a6b0b236a449597b7dcc73acf4ae727ee568724593,010001,eac3bdc814adcaf2bdd086de9fa0423039f048ce3ab290aca5181f47538cb0c6e2f93c0d50ed669179ed237548775ca1ee4fa2d7a85cd3c746bd3019b91f8eaf,0.503000000
7,eed56ce8ebf7cdd74264d1a73f82e653a36ded2a85bdfde226b3d23a8330fdb199ee8d3796f305512cf93e29f3fc7dbc6ab3493972e0d1bdc3dcd8c441655479c8d07d895db4baa05ec04d7925813010c27764f98d29882ad7fa7ba82ce315e93342c3f6136c444ac5c95c1b057cb713355ae898710f8ab14714a157341dece7,010001,f7c32f22a48d585e81dc00c564be404c2f2cacde5a6e5bc47de99a4dfa0fec7c9110d79b987f1ed68b5ddce183cd9537c67d90acd64c3f8081d7e4f3d9ba77b3,0.463000000
8,ab5cec7a2a36db87a8dd6ce1238552bf89d45c58b37272e9cf7de48363c7fdf23aca8d909909857b2fedcff92c07a66d7fbdc38959f75b86c0f2ebbc0910e3d3edbf573468c4cedf89dfb30444b654b5ee9bdc515ebdbe6ad838b20b08d68832ff6a117bab2e72dc1c02d4a8151106d6ba6c77e4abdea877b13b06ab7a869f21,010001,e38ca72d587d645527e34864f0d59fa03de25ac8e953253fd6b62671243c1f5930ab5b6938fe2a45675fb68b7f904a89e20e93b382f71beef2a033f541d5ba11,0.442000000
9,dbfd7e096b200b1012846d9938a7ab49e867cf8ae53b6c0605cb3c6af266950e5db37727662fac026dc2925327e432971428b4b0b8f72851383c5d2d2e7ea5eaaded19eea6868a7d908e79d41d7b5fcbd8bc59dcd9c4a47a7ee93b11b52962b924a243b68ef88bb75fae4060c9b49ecb8193e7856ea25ab68fb24de7444240a9,010001,fd9f3add75412aeef9ac7227d9fbaec1c23cac202b70ba8c3d2b8902f76e74c243c8101bd31bc5c87b23b4dd05508c04c09389275ec081a629206f137ddd7cd7,0.564000000
10,c6b6c1f15c77806648831164113cd6998c950f44e062627fb3d0115f416fc9ee1a228e44c1cf65723426d36e49b7c91f99ac975073abee7e43d538819cc3029e9431075801e9a6dc0de62bb068420f9dadef50b76c4cf82669821e366e413f04ead71f43b1f62a21a8bd70394e5d754f0cfa08a208a7c0c172b74caf092301b7,010001,eb0cab4e3db3e65b5afe2539c2733d6b3fdd1074b0593bab6f795567b8b616f45496df471ddfdc0a5b6a7424e8447de9e249bc8a54c089f2cae7998e8547ef5f,0.649000000
11,ac307ebe6f8a0b57186cd09fbf49d0cd546f159355959a83f330a489f7f9fe799c17a39033bceb64ab07951824972247cfcae019240cb04de566675b6e95764594c59ee67ec03a47c22f0672471d9f4a03040e1e1451b79949990c794fbb47344daf0551e5c0bd6ef8acb5e0628b9e6eaa17ac978bbe7ec034a24cd04c7a11e3,010001,d62a9d7d2c80b8a729f37ad207b176a497c673efc2f7ed2acee3b78711aa184282e1277ef03add6615bbe0db0fcef94d7cb955db9dcd8f9a0b56afce98be415b,1.293000000
12,b84cb161f230c3956e66096dbb817c3eb9c9e42fd638e13f18917a5877b86191087b57127897605d33362694aa77e7b51595869264dbf937cd036cb2664e40bed68def48264090bd7606fbb57a7a62f2d808098aa962e55bccc8d6a75750dfbe2f1a9c00dd8b6f3818701ae749cf5512fa0d4de6257ab502a41bb6ea8d309769,010001,ddb41481d087941b5985988b64646eb41749d987078ac8674c75bf9f5a6b1c3d6f4b0772229ec6d1b1ed795d4fc7627d41e911f7e250a0956e136e530e08e2d3,1.911000000
13,c061924372161a83cf118b11167dcd60827f5027b97086a89cd21c89dc92497d4fe384f09e5c0d6c5e6cf01bff23728a08c5c128d7cb808b6455475457609fe65b25f3fc13a85453b87b5efd1c9834317b7069997198a111b7e0c77e9608cde9b0d334385deecc84eb9bda2b95e2eb941f3b68b50b771756d38c25b98b0aa13b,010001,fec6fdcd15f1c6bbfdf95c463e27a0161200d66518b6e8327d8c897333fa27440eb9940941a529e194d87654e5d70662b35e107e7e7fcab40cd18483a3351057,1.766000000
14,f596ad1bc31a0414a8636995f2ab57d0bf7e304cae215c4147e337b4218305fa2c3b41de1282c1d96ed01051fd9b582858a60270d831e8a0ce248cc7ee3ff169697a08537bbaf771e3c03041cc57b5680630a605ba0bce2cfae44f851efdb9f028d679089a5c913d06f59056792a2bc77f951942db5b995378bcbe9234e52aa9,010001,fc2877c4cb6263e3c4dca5ed8dc3255f0eef384f2c932049b9f9d8303f4bc56be3a513f8d1872ce1c0a755193b855df1ea0b9a6307b07c6d615bcf83b252e967,0.773000000
15,b3a4805253867698e3f4efce9288d98935e94829eab6d75b7193ae8811ba1118bbe7e3e129737723a6c59aa611e2ca35600dd73d082047842f7ef4601fa616757bb08af87614f9a1b01b67bb26cd14f347fef42da87d5614bbf6fe20f02a5c1941c317032c4c1a8d90a017ae7f668cb0731787cf54f7d5cc882222fa8a71116d,010001,e04f261f7b59b20504eea0c5e43d15707d0d3d2fa3f56d105141116a18d3d6c9b6ad08d74a46db8d5fd03d575003393c204ec7e97cf6871594a208404e8daa71,0.628000000
16,c22b8e88e23bb3926cf843a0e3fc6b37d4d63bb1d0532cc3a79d52522f7d8f6eedd9793107ac045c758776aa33c4e44ff1df90d97e8012eedfb1df0ff9af30877009fa637e5bbeae6dbd21bda15e5212ec5ff8506806efe1f5de4aaab131e467e1cfbf3f07e3fba610d1546a684248d2cec0e6825979eca4087bdb6a23c52ef1,010001,fd24f8ad8fc4513d04a2850131e2771210efe2157d33e618f7e2e9d1405c322f90d5f02442b0c1c8ba5eb24f969fccb86433dc710c1237d4d5f98a63ebab6709,1.477000000
17,ab05ca37f044f3bc813b9c076d53342f5a61e9d33d8bb5438ba771519193996d46640d7dcf8b49f7d04922cf08f7d78527154bc4f00cb4b91c3611cf28e0e7477682454c7d68b75d67c414f42c3527560e4f7e4daa629ac3ff2e832ab6a100ad607ba77634d883048cb52a085c0f6de14df88f57685ee1e5d8883562823f789b,010001,dd211ba790c7a969d287acb0a3bf738335b80de03b8b735abfe0b42a23e19bf2563abc1922c6eab5a9aee4e5e0e3ff3485740bfbca45ab00d083ec1772e71d75,1.043000000
18,beaf43175bf8fc090838be3c349ec26ced2724d99837b56f0a3c3d7c9fa62889722cd7809e8eadd5588191c3b7f8220aa9d8b4b3215ef2b8bc2f1dd1b230a16eb33f649e97f12b54d47b275686319fa6ca1a9bbfbe0ddb4599cce58f0c989eaf26f9435fc27dbc38f93736c6dbb4b05f1ea9974173412211d5c84c50a1a8ecb7,010001,ecd5ac89c76d4c668421d51ca5ffb74a180065c8edae549dfc54504f991f4fe6b9a6af5c6628b1bc793a3320dfdcfac5935552b1408f378f77654ef2a75dfdff,1.437000000
19,dc5f232c50450bdcecdbf96a804bbfb19bec2a8f75cac9d2a90d6960dcd9bbe739703bba3c0442a4965d6d2891371009fc1f828e64d6c9f5ad0fc0ac1a818b38104061153235b56540a3c59def062d4bc041679c78445ede4251c95eba14699c950941536ebb2883a7281a2a29351ba31fba1dcb7d79249eba54dfe82d2954d5,010001,fabfefc8b673eafbfb3b02d34ba05037dd3d51a481d7897aa15e0046c2a26b3e457988ac55c6cfe8424f2bd6ccb9d1b7f6921ff2bf77349f1511f32b13a2107b,1.976000000
20,e27a9918ea7c46a728cb455cf1713f0d4025836a2070ade3bd9bae0454f53c3df69a49ef5464b1fcbdc30b9a1a63ae358674eb4cdae787e0f057bec020caf3c3a2bb2504e703ad8cbe6bd9a853be3fc3e86a6c839e3b3ef7532a4f0e8300c168ce3cb03de274b7e3cd5b403101241dd72d52e1e5bef062ebaa7307c1471ef235,010001,f1b82ccc2eabcb976341e75d1451a65656bb5484d14e71f88a2f096c0d402eba7d4f22ed1d6d638b6907ad509e772496750c167621a8648250d1b982e740af5f,0.358000000
21,9f669382449c97a34773bb0367bbddafe51ec2b0c7641ea0ac88725cce461ebb297a6556fd75e5d2a73ede694ed75d8154fb050a49350aaeb28f2e5ccda91d26bc34bdd2ec1ed0d608abc0f0a003e91d601ed199f9912528169e568fcb5d04152dface8576e1dd7b54aceea49cfd9222b56437f93e3781e9008dab640f6dd83f,010001,cc7a0e9d8e22cb7b0d40534fa297ae31357fb8d5b99e3fcd90f4a1869298b32c6bdca61c7c3b6a3a9c1b9dd2751de65e23775d5d26162917cb3c3d05fbd5a78f,0.938000000
22,cc53017e8719fe1f2fa9ca301ea2ba75e80a3fe0e0bf2644ecb1fa9ed23ea808ea4bb9a5ac70ab26f1dc3e749ad6c1ae8096411fc9a75989b9b942eb214f3345eacdb7de7827c7dac72c77809f113630472c6ccbae46e5d7dc502378450f14c8ef2ea4272addad77ad8de52305ee7d818f26d01520e7c5937f4385cf813dc267,010001,e8514f2f00e07db1ef7659df57e44ce0103bfd18b41bdd58aa7be3a0678d5766071caba0568057e7baa379b59351b2e30853249e4a2af9c4b7aad965edef99ff,0.440000000
23,cc7a3c1b46f2d2710b8486eb72b94ecf86e3b9400ec7508731e993a1281f9ef91d407d9248e364e2fa93bb362fbbb8fcc182ac4d8a0b0ada49570674f2d7431717fbe92bce30471c8314636d9f2d0f14c82e6c51e209e775d7b4363365f4e8e38034318fabae66b64b733cf12668cbc0be4f942f7b1f8b12f4e671712752f50f,010001,eb3eab855f5be9135b968a5459b0d1432e343f46dead30feb4dbf8e1bddecb65679a9f68851885fc642fb4a5c4a6309673d3ca886580a146bd9fbc0b1229a275,0.192000000
24,cb2235429995750d388d0536c10af33c0712272dc23c26fd7f2d9af6105dfa6a65b81b39e18a289334d574ec03e8cd83b571086ee1c5ab81d30d591774143c18585587e2efa1747ad2b0a48efb3601a215929219462ef7dd7a9a413e899d75c707aeaf40cfbd53e53303843bffcc0a05b64dd81bdd73d7a9166489831e6988f3,010001,ff7129ce278c2021eadcafbdecb2b9af03a79954295b73b9b6896199b162ece6aba2f56c1cbde01bcf6098aef46d460198cddf473fca8775a3883e95d8002e27,0.401000000
25,bc0e7751be1dd70565157f0cc5d6fbe42363e109790c48e5c15a4b012216a455a1befa7f32a4d9ba62ee0574675e0d1cd778ca7d00c9c41da62d93463fdfb1dcec4f937f7844d4b66f424cdde54341d9fa6226acc811f7b0e197eff9a60ae93ad593898e2190a3bb82501f9f8a4d3f63d23825f3139ad6f2e3dfaf2cf6d22d73,010001,f306c4aaedc2bbbeae99b892d1d369dbd4cd34894cc0197b94e0ae24e6b6eb10aa9752e2cf65ede0659ce4cfa7a81fd4d7c401a4966e9f9fac7e2a64fd5522a7,1.187000000
26,a91e21a2e495aa1cb72328673353946b4baa42c3852946404949e9603f9d887b4f72c2a13adc385c9d4cd2039641cf8c7d918e896a3de3310adbc21dabfa24f44aaa4d2ab25414818627a3569c7ae6f66d9c8f23cf6ab212533283a3e458d97aacfd40e67b049ca887f35377194bf457f53f8b805b49834c0073b3eb8b432505,010001,d0264c3f9c6a0743d229c40a68a4673ae2813a1f793267d7eeca3d44d1264864fa9d4369bf75e47741b9f6d599f9fc2611daa760f9c73c059832a6351d692875,0.462000000
27,e51174ef2defcf4d6eb4a19b3d5201c22e457963359b615b4719929ea12f4bb68bd239549fab1d32c6c843ef84c52f21a7e687af484ed9c9592211693e335d0ea53aa1d3431cd6a83ad4c5020ef8ba95f7f1c9afa899a70b3f10dce7af4ee15b8d3776a1f3744a705dfdcf73fb1577f22fa148ca08bf2dad97fb7d9ac45a4c25,010001,f461a5d61d2adf131cecd34c9fd46abd1bacf91ce0d2056587ffc3969ea6e1c689edaedcfa917657493b6a04ddf6fec62616eb082cc684e7e27647fa4eb455af,0.441000000
28,b512c864790755a11b92f8252aecd0e19a50ef020de8281d37ef63bda091b31b6edf8ce041510813f799457643a8c4bc8e90ae344971ffd70770dbf0096be555d1f4fd55835140b06a60c2206ebe8a4bc17b70b89c6a15d9e811d92ac33389e446be8efdafd9f2bf4f2854b873bf4364fdc46c0314e9728fc1043cb0266d5a23,010001,e0200c7b017e9b7bc3d70e8ee4369b7454a14e46d43f1f002f6c866c2c88dd80b84007e271355c4e6a0fdc656b228a31a836accd0edd59f7127835ec95850927,1.001000000
29,d62d681a674db3d9d9213d0a8162c4cdf2b0e1bedbb935f7b5657a7a16d6f07a26be107cd01e7cca4a340a2ce308e73239b0b01ce591851ec3d6708616f0d6d190bc40090e15625c7a4aeeefc2c931f469c2ba670b93fdcd438e94f2687fbe774405ad7a51b03677a16586ff1364e7b24b4a5c751dffe24b23decca36044b213,010001,ebbdfb7325590e6eee7283c825ebee0018dfe87bf478ba25ea605f0a806e2f5d82817bd8d0902dc57484068864e3065ac3e5e21597881bba2a7c62e89d22dff3,0.379000000
30,ca1447e4955f55703387064201965e3de03bffe81418708144407d29e12d84d6d1f84f5f61cbc658af2d89973c9512b080355220ace489ef3717924e531f9153603d150b2669b7b24494c01e488084329479e25bcc887a48e5d6e372357426f7368096119dffc7aee060c3018bce7129caa182d17c192a71b771d5a59476874f,010001,e6bffcff3a759fde9d224f8760a3ae1019c3335c56fe6e60fe21662a2c458ee6788dd070c57fec3f14b646db787fcafbe47bf5127914c0aea9e6b3b7a82c9f67,1.002000000
31,a718f6cd332885ddc127b338574d8b8b725f5da7367f62396549581c2e940cefa6d4237da9ba9529a2c02da4aebec458f09ac32bd09a6c789ce79a086316950994ca203859308b6dadc138685b82c3c7c310f38342400396acde7fd6168d07aa3c465d19c65e96bd909c4b2baedd9329d8e805aa352857aac7127aa83deb6977,010001,ddf354896ee18d82b8459f3197eed5d9c76c8c94cdefd1416eac7c5022422a22cd61555ce59f72f096277770ca94dedb455e9b3e385257a0845043f675416af1,0.567000000
32,c5d6260e19b80afd52ad5e6e66069574021fb5178b11dc163c33d3aecb0cf1f43436862e681ea9244707c90563a3c2ec5dea8e21050f3039bf0247b0cba13c76b96d04f17ee9980a04cb4de275a30efa66c965efde97ed6f253d56f4bab4a7d6ecfa430f998c73a2920f68becf158416831a8f0297ecb67dc754e28ea8f6c5db,010001,f15fe8a0a133bed808103a112443b29a9eb5c56b0d27a515c9629c4831a0fcc3b9d5fd290012d4326883bc74e41653d491fad0e1bfc28f07c9fa675fe50e0f1d,1.393000000
33,a701d20300cfcefe4c0e5d98d716d093a7bcc563091e1e4f92c4f9cbea505d6e66213c747c6c3e9eef7461974e6ea0629ec2d65d52619d25aa6087c45cede50a609c85adf98d4d128ddbcb025008b503e6b9a1c5e0d71c46f28cc3edd7927b274155bc2cb94b221ad1bc8e2c775c024e36b1bb691dec01b48a9c3590717b3d25,010001,d78f9869245c61a0143fa9463bd942c21ef2ede17e5170e4c2657b27d3c313cf40bd0dd0804452467d9428bf640c7f6b3445c7608e6651105d589b1d77fdd545,1.064000000
34,acdcbf81f606234799f79ea645b93e1e3df8eecd2c0011ad893a47267b5a2879852f72a4e87bcc328b2ec23e60f34a7573b7207858d67c1df08816cce4caac63dcceaae412a8e18a0d5d1a5811a0c3799658387a005f707dc85e597885ec0fc91a1c7b1b187584c6cd6edf5e19e3eb524f43acdccc1a5262f5f09d0571d65111,010001,d312bc78e91b7e07392f60477ab0c88a2513513271983f99b8ded12251284421bc497bf42445f2240edcca526ce172662aca4965418df806a61d80eeaebc01cb,1.103000000
35,d397d37aab3128bcd6243b3d4000852ba5289902d1cc71a0be17393a8860df3f10b2b51619c8428f813dbbc34ca41bd1a9e8049d1eea8f77b5a4845af5aa2bb205d31254fbdcc69454af5a8baa8b44dc19707a34e69804ea17e78551521dd97e899abeb9d6d73f1e2dea2f41dbe372422be0334f9d680037c5efd795fc2d673d,010001,f3864517c77e81c0dcf7a0cc77ae3fbf1b35e355336e71bc13854f4918c64ee2127610f89cf308c9ff6d282ceaaa768a495ffb08ff1b3df70852660313e0c26d,0.587000000
36,d1523f17de6cd9212f02602053e06f0319ba1f2b5d5ded3375fc8014ec93eba315af756fc5ab577f9dd275dd2f10b08765bdfada3f7437032e97a1bddeed3ad5b2eeeec38a8f8c5f832991d23119de85db3fbbf650aeb18758676bc0eb797321bc9ba4f9017e3e0c48ab65fad18d2913f0e18587b99934e318a357c9390b84bf,010001,f958c9d57d0432bea9019bbfeeaf13b97fec616c60c7104ca4549ead18e1bdaa13ced31f05a25248d0de0dac2424d9698a63a5a5c8d72878c540c28f701c01cb,0.709000000
37,a76f01301cc51191b69ba6f593335c5296a659376a5e3f74c8ec22c769320c1c3a199842901e150b176090ec4cc8cda5774bc624676dae75f6ca65743e7bcc566b61502ccd6cd88e0c9c12f9629d23f99e027b3e449b21de592c311bb5bccf6505d99496ab34973231a0f263368b7bc2bd8aeba79d3a75738340c72b2007bedb,010001,d713bda3b149199db85dfd402ff0e4eeb77702a2ea97c78f9d46ac95ab7c87e45ed11d0ad809aeee930d9fb130f28001e67142fded6ed67f76a1e84bb445b5bb,0.401000000
38,c0cc02a320e4260f1b021a5b6c8a9f238257c6704aff4918eb4e69d8948e65c82ea5fca7066c78682571f3a744b75fbdfc2907cf6553185d62d661c40fa3d1c541f05126b8fddd888931564b6e3272021998a52ae820bf9e93b000f2aac309e30191002ca0619c4b4c18b8cccd7d0a12047c3cfefc609abcbbde5874e7bdab75,010001,e594bd793a88937cbf482bb169d13747a38e20b30578169e8df7098e78b4a46864b86c093fae87b1437ef6412fb1a2a7a379a6ef33c0df506c028a3aafd4f68f,0.938000000
39,c4b2de5b78d5f544af65967b37f95ff78612a086bc11772ff454a785fe43768e10caced313b4de1c5c92d5c9811961717dfc110bfe3f477259022334f8b09645b2c8b34fe0334bb7705ef4c0bc7affa7445b62d00270b1f6cbd1951d08227dacbe229de0564b3119f97db90f8e857f3954d121ac7b0ca60bcdab0ae861bea3ab,010001,e2d0e89ef38446f01abc4884caba80b0e483981ecee561a33c773f64cc0ac6488d917d30255bcdacc1122affe043ec937287bc1632cbf648941ca496e2b1dec5,1.041000000
40,b42a5c0523fb9821fd74f1c4803984cf278bea1ee0b04e62aace150e52a94b1302fba65da4a746434101ab9b1d4c5d4ff73bc55392def7ad21d8c93cdc6357f7f1c741c059abd45c3aca746bf330d4978419829ffa4ce1eb58de14e7836cfa260890b76c61905abba31325829f32224e24472a3f6d6392f0fbe564545afe8959,010001,e71a38853cddc865dea300163b63adc8eb1bd32715099377b26b0f824785da8dd3d19f89a3f09f58bd8f643b49e27b2db15f006bbc602cdbf648b27d37611aed,0.420000000
41,b0bfeb2916ae449f70d80c4e471b83f1f3a632266e1f4e18d1378381685ffb41c3ffa865d39fbfbec9178264567b0e448552a7765c7816d7d8a6f3e3bee5e5a5ce6ea69d70d5003b242eea5cd2fa3b367ca34350d2110f08d677c92763b076e9acee66967c79380fc27191eb47fa52dd54ed7aee65a6e05863588f74182aaecd,010001,dc9bfc7dec4a7d4516193b0bc037faa3b004cda11c44bbff7862f9fbf87f50a64d66f858632d5f7b59b68806286f93ee9621d1e17498620c225d7f4b377e8141,0.631000000
42,ae7e918ad0e6eec440af6c089d9a89c404dcb9c21430b60f2a39e15de040fb04def2868e7d0c55a8884ce722019afa2e1638fc6b8d3715152d7bbf5339bafa251bde5b243e09d4b7c065063c01b0f8214a2f6d22b6b74113e892b0951975ae11b3a8c986794aaed4ecfb66be601030a2c6cab3dc7be151b57d723ce88f6363a7,010001,e4d2ec7a51c5be8850ac54342f2d43ac090fbc3c37de2759ef2a4f68a9110451a9c88773941ecad470ea70c1777fc8e1d5c1b25dcbcaf6790390a708888d1385,1.975000000
43,b49991ee03846b6a1d694d1fd6d113c129c931cc76dee97220038dbfcdcd33a83be4490e8ceee8783e0a85ed5ff4e2f8fb43fecb26f9523de07d09353fd015592e74f4aecee381c89c119088fc531f5a6b9e4df5b4a7b095b96a452f77705de10cbaa4a46c1df52f464ffe49c7688de29e6370ccf262617fb342adf83067bdb1,010001,e6ca54b15f0ad8127cc39b999a42ba9cc1968ca95f3659d8fc517290003bbe7f29e97ced91e7c3cad3d754d7fff1884c65862f7ca85dad2f69486be06417e799,2.329000000
44,ec6bfd41bd61307e3724cc3620310b2465f1fe583a16cc1b0c3bf5428a2668d2c03c61c06133957286a83a5621d5e81c140613a2e2840d7a9e8e5a3ca7e78724ed0e1ca32f98fd8051c1777d744cb59b762699b986227b4fc60097d6d64bfa555b56488768b73093f522677e24a79f8656434b749ead5c7b199f9951fc95436d,010001,fff195e7865d07fa787a4727eb875b51a59b1e1e0456617df142689092ca3073a8f89d9cbd3f9a32c9aba87c19bcaf09c2f48ffa80cf0f5fc958bdebea9d54bd,1.251000000
45,c5f2576f675459aa8a95b0fc30dd891a838c433a22ef74cf210c09aee91fa5ffb21bbbe0f2bd626b12dcca2480eac0ec3ad3e9a45f793cc73b77c5452ebf23ff21022e3afd1052584430782b35a342489c2c470e515ae975b47ac476cb1a878867081a57e9c2ca970de8a73d39e33520a24d54d893cb09b2c574cb9ed01e04d1,010001,f237acd37c2bcfa46c32a5a54a350bbd1254ad23ca5a5b630b40f450fd2249b832005234e9a3b1635a52e541d663d4d27a09e2d3226d4d2db0c53df96f473e8b,0.295000000
46,98d7635ba579acd655c0ea8747f6e756c7f29282e67ddbeec1acff3b4103c16c90d5affdfcdcb99b07d401a87fcc065ee31741156f96bc33a3972de81e792d887c30e44b5e9e682ecd54488e14616762c6a0b72f5091ccf7412a40dafe957c9b61bf031597a5dfb68a60735bff5aa722a7449a02c35842345cef3cba6699d319,010001,cb778f3492233b2949bdd5d81b78ea9ae2f0c2fad6292b9be9c149a2a3d41acbe78dfc0a7a4685455b899b0be529545e1211cf1151d89aaa7dc69384b76b35eb,0.812000000
47,db229031f46ebd3d04dd525f08da053e54a253be28e43c96ca7d6917345e1998d701ed6aa067d50c12f84e497d39720ceb3b7872da626d3b42e207dea3a4573e7830955f1f229e326b512100feaeb24eeaa5dab0d3e13ed80df95ec2e91e00e131bc7c25233d32f13225ff342d96b0d2467f0a63a9ade0bde463767d949f426b,010001,fb75290957b76a492eed4fd779297bf15e0a1affdeaace3f067c07d992e3d48db2d262b51b60f5b14d77bf3cef5729c1ccbe616c5e544b06d1bf8d4f65fe3e21,0.547000000
48,c72c6b3bc8c31109111e1fd18245a5c59668a3208bf78465b6374062939894536eb1178506c61c0843eb700b03e4c1d07032ff182c1411232af60c23ab1eeb32d81b77a24bdf6ff2ac9b66de4e71021636f8ab6cb34a29d2c5e692f1415f62aeb097170fe88da7c1d6d2e58da8b5f02568bdce25809aa8b7bad10621e25c1f81,010001,e67095da2c630cbb903f520842b4f6ef63f0848d812da3d54340e12f18f7337fe806ca1db4d8b09b096f71ba006432b30c551b23063dd3d04c0466deb3fc8d21,0.982000000
49,e10ce3d2e96be9edb356ce4d32af7c7fe44612a5bc9502ef72fdbb34b21aaf1199fb49e389740ea0d7488c1a88cd3760e11b4f6b752665be030362d508b29d7e498751f08735511cebdb1963d347e98fd4c03774d92ed14d80fba1f2f9c8c8d52c45b43e10ca2b0f470e32f570832724ee066f16286ad296c8ea9e55a5e4cf41,010001,fe604502cec06b61c9617c89017437369b4a2d37c631ffabf90accb5f6157f5fa74110269da71ba6e26f366ea4999a70a3d5c05c8c10b32b5d308e1195ecbcaf,0.647000000
50,d65aeeb59b659231d9406bee10dcc084f1e8812e3bb6c9d1861b99577d5b372c7ffd069abc743145301ef9745127123f263ccd135dc7d19a507a7f24c770bb53e7dcdb28d8b98898eb18ca14b3c498baea05ce9b3b978eb20fcee46def3267816a2e70f5f5be8d0eca3a00ba93f2568fc0719dbe44e774a3b20cdb4a7c36dc97,010001,fb0e6868eebc993f4d95bb6389bbca8c7aacac50e819cdd15dd5f665455b421d13a7ad65d75f8ca60d387ef7ec680bfc81df99abcde3e590710e200c05fb35ed,0.917000000
51,e804a2be1dbbf6a955bca8ab6b0035cbedf153a8c27bd7d33daba2883eeef2569dfd54e3d90fcbbeb833ee59b0c86dc6a96572a3abb19e7cf56b20c6ee870a855555c32d55258a06ea6af99078708381ff6deabecbceaab8e32cb07854de5856b4c1afbc9ae5ee4ed1e5bc0637a2ae9965d68d218e2f5be41ef2b1abe151f307,010001,f7a92c5d4a584401e8fc442a5fa2eefdc50c43e90d7d2fcf175068633c91a419d59bcef3dc10767818e872dc75ebd7c57a3209727dac34d4171979be61d9cf8d,1.516000000
52,a1ca8a03f0c6d74bf14a7e89321c0079c14c0dd12b5a17e130811a8dd7803fdc90adeaee042de0a8e8771222e27b078f79c0a535c08cc7b25c8dcb0f8b101578bdae3e6ae194c7f016b8f1c64fa5373acb08418dd886426406d629ed10246a2b1960687efa5e9f419cc60167c4bfbe036426f017e207a60b2ddb73784ddbf995,010001,d319a1190e881f288137c4397f8468e0b2703cba7152729d8439a0f5d99ebc251f82901945af2803444cc522e57dbacc117c0126f46a97d78b1fbe1d08a23079,0.564000000
53,afa7dfc5eebe62dc81195e5fbd6733384a7464c96e3550f19bddd1be56d192e10657a1e33dabd62cfa2794ec31e4d000cd286503347ecbe0700cd3ea222aba946ec33da6161691cfb5024c60cc8dbbab1969bf0a450bcbe5995b79ac0a55691f04ae8b03983b01405117f5e86f6c9ce4dd1c7c1b360edd7930c1b0a7209b0417,010001,da7ddae5c25388762cc3a01a713fa55a5dfdace5c250374dc3f8dc9b89a630f393abb08233b929f655bb074062d6f78eac12df3881f0b0da474b03277138fbf3,0.754000000
54,b49f38f42eef8ed82e7449db0911d91daeef3c79e9166b853c745c9d5892cdf379bebe8e178cf5d539ac12ced1a7a7b2c9ae6cbea03aba86312454303a47d5a750526a2f5073804c548f9cd50d77ec7d32be02dd399418e97e4f2a09ac750b6af6583f5c2a2f7475b5915280d194dcb72f968b5dc560b740c3c249086f14cba7,010001,d7325dd96f546b104deeb0cf09573a7a94b7a231e83fb74dfd177ea76d59a2606e3276f8d436b6a44a4b662204c6fd1c957e0e68e0c659f28abe2ceba7523775,1.519000000
55,f7a08e087b9dd783439f33e73328d926a6c3e540946a59f385fddca2ab17b81f792fa23d3e8c65a83e28daee19d791b44f410053536bc2a0fb081a84eea84293b1abd628323a2e73916e432d82a89c67ae22180823039e39e29c056433c7b0752f30978a8ce581bb39e7b8390ea934cb1a8d85e790f57da6cd8f6563f29c83fb,010001,fd08f7a536e208a2bff48034d8bf46af18679b1b2a568e03b7d290ce96330e8c7566ff7c662864feabe49994de4bdbb29a45363e0362115168cf691b7e674cf3,1.541000000
56,be2abfee6f13b0e9e781c356e2f85c3541916910a7846af4690b2a383b1f60b82c3983f9de1df1318d3eae8b4a173b89e87dad91e6649612439594f7f7938e09f6cb57d5a5df863dacde0874c58a02883db6c01576b4650c5a87c85690badd3b390689bbc5fa031f1e601c265e4a599b5756424be25eeb2251d9522c74cf890f,010001,f25a24f63cf7997505733faf31e3eed52c12082da960a37e6efedb238ebaad7666dcf0957257618df09c333e260546f99a8330409bf1f62e82342499d9f874b1,1.125000000
57,a71566879e8d12094c35a23b4218746d2cdea62089e04f2c5d81fba0847663fdd8772d7d7b78b8b8212c7e8b954babfae47676248ef4e6c015fa5a0b2d1117aae0988c17e941aa3e8dd61c28462d8ba1c2d05b3c4292d5313976fd2819fbc0783fdf03111533d6a80892fb128728bd8c5644edd8dc5ef868bd0544ae92d95495,010001,dc875ecb53092165d47c83761a5fc5d17790c70aeebe132c9dbcfe3fcbf37b2f943208b930da50dee7f868afab42790616dd844b4bd7c8a6ec18463d646f45cd,0.751000000
58,afff13df5c28237b97f067884e90248057fa825cd9d5f790c285f57257c202d938219971d26826c0274bcc6a7ff5e6db810ee7b2381f5b046f786bea7b8e32130d2ba1c257dd3ebb9d4c09b734501efe620d26b3c8bbda709e40e0d280cd55235bbb0bdd7da9f2f23b8042363f60956d2c95f3e811a89fb3514f9fb4d3de088f,010001,d9ff95cd4c1309f27db10196bca2ece1aaf5aa79b25cb95420049494a174143f0a4874fb01bccebf9c3dc6d3073c8527181dc26521af49802a86e7371fcd1f09,2.181000000
59,b2d84dc3e4b9490b4d19b874f3394d769ebbbcb158758d37580918015c70b544d1f07adefc90fbea80215206cadbf825e784977d962fa7eaac0612cf8680830d3d2605c84ea0bee8deca7573666448d8e2f84a75372d62295306b9aa83903f307120a8801d203126ee29add99a30cfc94838159dfaee81d7d6199969327158bd,010001,d9d9053c89f1917d4ed7560fd6efd528c26494ccd6a4deac6d8bff4f0c5297953b1e4d1e57d396b1a6a51ab1c5786bdce68a55223b9710cb1b23e346a53d64bb,1.602000000
60,be86d377474a0604cd0f4dce17392258452ed8d75c0fac26cd913b9410152dd29dfdaa5a7d76441473eafeb4e5c8d8e8a23f58a7712ba4b9d7e518f85b4f26f6d920c2c07dd4d198dc5eeb32d2f3b2fef73eeab83ae702499f1048e0a0671972bfbf6ce44e66267ebf074cb47ace97d6305cd1403caf25a288577abedd5ca091,010001,f275b0c2da8964e65afb3dcb90b407ac50337ae9f0d5877d20804ab51fa659f45b6d9c30d33078ac60aeaf06d8d0f9955cdad0e400f567f0825b288cb01a586b,0.855000000
61,e4652460c50c0f18e8d2076b143a6c9adf492dfb137e9fee3b14bcc511bacf1ead36a988b11e7ee8d3c554a20ceb0567f5dde9b8835f04b21bf93ee2db4d563a2157d80e364e910d6aea21457a98d725e82e386ba4842b7f08ee2a462d8bb36e9571a2d0f69094da5b4ea92e66c4cdab9224bfe5499fddd62d576b136609de01,010001,fce8ef6459315897f1c1ff313e703a1b2797d56e6cc875bc1c97b47d7cc09e086cb11898a5b5b6d4c696bd8b521fb7c2c05452c3afb0bd6e29bebc9d58d748a1,1.293000000
62,b53c7b9614a0d2e62adab51246b3c6f2ad983985e1482c9bd802cb951128328f3ec1e11a0e87ad5f090d24dab140bee29f44e6b234044cb5618e2faef35aa095e58c44c470fa89060ba13d6f8a53812153c6515d1dda18940d25a27f6cd9b5ab7cf26c53c32953bc8a72a605223cc4321e6d2bc0b720ba5a0de0d7f90646f427,010001,e7562489023f3db9f085d92e7f01ba50479f1dfdea7cc90f69956091fe05fb2838bb5ac3383f5fef3b9ddcaa5282eeb766b924bd80ae7201d46f36dc6aa5b093,1.499000000
63,df0930f76ac66dc209febdb9e2895e32c6d7496500cb19a0fa4470db3f6940bfe2dea1671637dfea930cc5080286fedd9c278d5188f2b4634ce89c0ff4aa01684dbf5f8eb45bf9327b7de5e3c0ad1c8148debf8ec5809171d8e751a63b59ff432145cbc4c31d5446e4fcb8a45f8c4084763e11ab0dec2fc1aaa26b40a52b30b1,010001,f70d4a21833f4e3cffcc44910890f7076539afa0cec193497303efc922b364d918c6b579fb4ee184b828dbcb1f54c3393be15950f01cbf7ac99e43f40aa978c7,0.648000000
64,c363a07a58a1605a1bc7da85400ebfafedaa05eb682096a8bbe3363bd96532c8bc4b794de5e3de492aa259d0c9512dafc94e641478e63e6402e090b10ee157757f3c37291635c4e13b63405404f7435d7c8976eda7fa44aace70bf522da77234e154e8c1ebe5ce2f2db573e24a30e44ecefa8c18fa1e51758e521eefc127c8b7,010001,ea0ad47e02cbacbea8c3e4a1f2e7371a55abe73ce3d44f49a19d9f1b1a4756ad1982e75052602d40add276d29383b8177700fca9c4f406ab7b7d4e2f6bbb1277,0.877000000
65,c631621f817738414ec98ad38f4bc23e83ae1d85e583513a988276895c4f1eec458d8047c80cfce25a5d4a6018a9474bd54db0e96bc8523044faaddbc2b62e2628183fd9cf7324dabe16b01d3bdd73857d30c667b6e2825b1a17abbf2ca93d1accf190304ea7ffcd10b8c958d2583b3dff4f6deb47320c85a8d687d90f958461,010001,eebb37cfdd41206e5ac417aa3a8d8aebbbceab4cd8d7313f82ffe9ebd5912617f20240bcc584b90934f538b6062353dea86fd0da6b52124fc36b7cf8f0ce7ecd,1.313000000
66,c2a7299ad0aaa307da137c690551a1a43bc3d8afb5ab4d4e8d409f95d8bec73de74cf50a733c9df80e8cbb0eda980c16781755a7167fb924f0098b1e8973f182d9b01715226edccb6c921aadc912e4be5e1e5d0c52e04467ded57b2885e22c36d54ff78b00d56ff282b05517abf67a21c4cd951a7258dff2a1b6ed69040b98e1,010001,f487a96d233ca1bc28ea7434d3e8ff7535b04b4993d03e3b149ad9906f26a905f0c8790ac0d572cdd85f441c13791e60d7179ba377d0090113d42ac6af073a01,0.279000000
67,af7a52911e168ce057f2de6e069a2f0eb081d92b60b443b4285425f6b8e400a7417b189da8b45f09b939d2baf47a7b49c1e9c1f2b166608c69543e15cf2e206b9964c78cf63df4bec69110e555f65b84664615ae703da23a91b66d22818d32e5201ae5c294f11ea12cf27fe915490258930ea4be1fa238b196cefe255bfae369,010001,e903e1a6f6bfbd0f64b0ccfd6f3dab0f4b34d2135d580e707a426b52b3d1dc3d090245bc9c76a6d9b699157de0631e0e2677f1c3b4198cd5189ecb355ebae375,1.872000000
68,b673ca4e2fade25327700ae2d2b242026eff9664a36fcd6ab2898bfc61d20cdc9889282add74352ce8ab9bc54deb9bfb8deec065fedd038d9d43532ac3121a6c74db5a2d58c5a4e36df88ce4aeb8473661064aa5d4f215b955147105cb297e3267c2df639bf47bfd3f6a1243ab16cb4d843c4b278fe0df7f26f6f8e84a576a1d,010001,df52ec9de8d27e8d07e639ce5e8fbccd589d43b68c9e52dff9251660b353543c2242b5caddf6b2030b5e4e49f9c7f4e974e5a1476159beaac9c513c9889b6067,1.146000000
69,e46d2d9955e6098115182a90c3f1d095ae839404a87db7670268a86c231f3b8a5a5ad6fd05531bdf9d2f3e0127edeb2a45f8786732975a39996adee69985259005e86024d4f5f9d3cc768492a2871762a5b4a2d7a41eeaf8ab6b946a9489171604e5452576d6d37fd791fc1906914de448aa35c728b12cc4ad8d91c9bd8bca0d,010001,f26c630658004df08657c0cee2a18bcac856633537a2259e97870be259417895888e52da34148cc7662fadffceecb9d7438ea2ea41862bb0df92b8f7ce6aacef,1.145000000
70,a0a91e71ce731a65eb91441e45c88214db4ecd5ff83c3a8a69b4036fc310b6c14be246ccfa9c116dbc941ec39a1f4a5867b600f35a10cc657332c8cecd874ea737e442413748995f988ab20ebffb5d88b8291e7ed035031c3634183721ac4aed884f04d95bb7b5a18174bfa9b362e624aa48d64bde1c91dd31a41c05305a6c41,010001,cef1624bd8fa5d0f88f7d74053526dba9ca1757b638806ae57153f962f4f331d856fe2076f32073080a7c083748239625df314560238ac6d45af6bef60e79f39,1.045000000
71,d8aeaaba3032ef1784d39f202afabc3bde9d23119471c5809210163bae1b9fd05c0970c680312e86fd731985fefe7c09f4cca962305f520543cf1b58ee512b8476c058b04180acf91c440b4eb206ed170cbe4458abeb392817ed819bf259d39d034ff2d34bd0cbd97557e6d785bb20bae7bdb63af428c42b9a3fd5edcb4b0fb1,010001,f18745e1403090dec2100dd2f0e1f5f27444f5d7ee423550fbba658de3c17147c05860072045afe6f302c5d32f928f6939f6907c5ca08e3222adb5f741294331,0.464000000
72,d6c9376f54ec26be91fb855f2414a37b99df31b18e600655872d8b144ea475562a9c00702cac4f60c981308ca3e69f173f95305db9f7a90ef486577801ba32e943809f7195b5fb77fedd4fd2a9e3f29425e19ab1716876de0837c882c5bbee3888d42e5d52ba5b6c16c950cb24977dec3c824e5c68d42600368bf33dccdf7461,010001,edf4fee378740c213922e1dcff645fe40b8781dd33714e41ac268e1896e2bafae74552bea39f5ac0a6d500287c4e8f5c6ef48ed32bc4a6930553d43760b10523,1.455000000
73,b0861d3a9557aeabdaaf474c963fcdcd5be939a4080ced4c220753f0f4db2e7ea8feaf28099cce173bd2dc1f45af21cba7295190d11ab7fe33ea8a72f282ea0acb7eb75484f60cdeab2eccd95ded74d5b0e66733861c0c62028e286946b6a9e351aaa30bc1a9eb197f20f4be98fc5f91fa3d0e8224cc2a068c1d23d3cadba741,010001,d7e7ac399c3250ff851eb02e1f931c3daa43d1a3945447eab38c374facce9c2ad9462afb3cc8c24f448f41de00194fcd2776049743a15e51b953e3fe9314eac9,1.229000000
74,ca9fc43f656b420ea80cc0fc71033842d6db0e079ec05e3613d1cd029e122bd00df672ab10cd715b36f1045d571c34a4cb5c7190d201edd14af7d48491307fa7b6fa57a43a944518f8682b11b0e9224a5c67b0ef1609147ba62f6abc2b8046e9397053710830c82051e83c5c705f2a2666dd3304fcfbc870dfe51b3ba7a1a1d3,010001,f48de91ee9b8b0208d8401cb297cb6034326cc16bf784d051f66c1b084ceb69af3149028f52ca14a33d712809eed842fd061b390bd1cccd1c22ec9c4c0a3e2dd,1.020000000
75,c253de0986fece3e26ac05697a64d3f7dbd1fd97fe3e9f10e223fc4c2c20438a1b17c6cdd552903d69064d9a44fa648fd4dd2d50efd1a534c70ceb869ffcc04af629421a3fa3ea79c2dc2886fe04d71d0250768a739c87d124f408d0ef68c80396a239b46460ac9311098d289cdd466a8289564f16001baaca9f37a10d355b59,010001,f054cb7bcd7bda54881081a4a95fde670fe5101bf9ab7fe35331c3834a88ae298e76dda9941117681a228361e3a36f6230cd0aa546e96ae863130bc70cdb55b3,1.996000000
76,bec62857add639baf9adc3d2893fb151be511b623e9010a4fc2203fdc2b03eb484c159d20b2ffd78398b4b98a63fa267de7bd8383dc049b4b663f1b46169311811d89e620d71df27088eb6532e566cb5547d2fe6291851c39d01739326b03f1c4d768ac268ac1506f0ee86ec3453804b386f294db0c3fcc0bf3a478f614e261d,010001,f7e305c214be75de6a27fa8dabb80305c6f744038814fc1fabe2d3c5d9c680b92381d897fa1ab6f7d263de55460a53f96bac4b36dc615b79a9ff41a0dd20bbcf,1.062000000
77,c4b0fb63fbb581be56af76bad82e369544b070a5ba306326e01209288c6f6423b4cc8faf1b4a866fb3f720940ed8eeda275d9983959ef5e7a6afe4f8c0c104dcc2e531364e5f52b3b728105fabcd7ff28bb9b4b18e1db43e8918839b48816576f9d2071550f54ff80691dd07f56e8dbda14fe325018bf3a835dd69e57c16c0dd,010001,f76eda12e19142a8cddaf571108bdce8b7bbd2667faa769d047ff853dfed08da03d752141b243b745793598e9d6b85485048b4e340535a1f210cea613ed04f71,1.353000000
78,d93a57538bc8cfabcc9f286b513b702c5bf81ef4f2d5175626522430aa73d57074bce26d585cef93d96c6a3d57c721869363465f4abe76ca79cbf13fa1eb65c5a78859bce4fdcfecbcdd28b59898663959e828792edb2437b1c1d1cc835eb659edd36ddf59f7e25c318d37f86ecd21f4be4bff14d87456740b7861f6a55a8759,010001,efa723f199c26654b0801c2f9c01de143dadfcf966e57637efec92502967e96111ed7a256db71a6ee4f62221bcbbd718c3aec1f2078fd69d8479c39c61229079,0.421000000
79,c7f9460640dcf29399231e23c139d65a0514a480c960db6383512542895d3a176a18e648143bce74c501f3521b11fa39ace09b17ac75d8b91c2fd21d6b0a82c6f432bea4987419e75ae9e34351d5b01fa0f51ea69a8b986f8c7cbdb4a796eb060d4e2c4c0bf52397565d88bfca6148bebdd123b0c3d7098f16559eea8bae0eb9,010001,e80e9f877bf113e40ffe6ac897b5c4c03f06ee8b710a55c8b37dce06521380eb588f2be8a74ae56956bc2fb082767a93278fbe9140fd9a06b1c7089b236769b5,0.939000000
80,ba39982340d5ab2771e36dee53d3ac046f53998352d07001206fcf49da600eafcbee420410f9699c0a5d952496aecb8081b80034af05bddc31ce48000856cab08462b234ed5c66cecbec58709eb3a9795e7f721d8716f2c835197804b7d08b7c76e8038b54c23d5baf4e1555b1ac80fbad20bcc233cec09f5579e7cada92584d,010001,e21ce2914cd96b0ddfc00bd03bfb6792aa97fa5ad72c1d8eb494fd2de80e04d69f9df04d142d0b6c8845d0cad9b81b17fed54a609634041f321dd52dfe170163,0.377000000
81,ca12a29ce9aad9f7a1eec430a701d40a66be6bc3e7e9881542f274d4aaf817bc07da64d4387a1c866026fdfcf26391b5c838108492619d0b6c7961f9ee3af88e2ca5cdb0104d56ca31a2d4b725f4308dea1635acc78be65f03233814b09990ebce74b6fe133c3f079bc5ef54ee9dbfe0bfbcaf1e3340adf67db47ecc1000468f,010001,f228a17b08c6d54327d94f727d5f4155890d4e261302cfe44bd94be6365ccf382ba34101ffeffbb3cb3a409340b7a7f85debf428ee5bd7be75322412c24c4661,1.480000000
82,f4e494dfea2027645fd76f051f1f633477cb4e5d4c0490ebf5871d564751bc4fc04a26c4f60a54061bf4019964c015b1317d9dcc9d97b901d996066abc0b982a73184109e6329fa19e703559c8541e19878b7d93d498c24e78da92903b0557affe55e0b1fb0efa74dae9c3ebfa2f92ad2216717292e5c3d9437fb053c7ea8555,010001,fd044bc88a252d29de4549300879848e0bf0cf4566035465be4e9b0030baf667168924a32dfcf7b82d79707e018340c21314dabdccd6d827ab1a373e3902e127,0.564000000
83,92f43f75a708c38e6a08c57973d90f5a17d36ca01c39290f9f30912ef6e6c4ac4abf7da6379bb10d4fc7d0735ec7d011db9c178e5b84a5009c899bc9faee623e647fae4850195cd73ddbf5fc9ca6726c9509e89d12fe497ec968a29977fd7ce28515fc3b3ec30126b31eb8fa4dcae92bf7c921109fb697ca0ea0ccb02af92ec1,010001,c35af2814589a5c853743fe7b457ebe0acd6a6d5aab57823baf5a77602fc1c58b890252aabfdfd46a4a07dddc1ca4778830c79a149ffe1ce27c7915821e8d18b,0.856000000
84,94197c9e8629340e5f606857b93903886802572deeca80ac8cde159794826891332d1ddccfd049d8e4baa19287534fa8f736b17fea273833cc99f2b832c1e5989e76ab1a5ea4bd1d65b0af869365431de6aac31220401062e6a384d49853b50566ef73360c180ae72a873fdf5a1a6d1416054880c1ed8e154b8c2883d0117a01,010001,c50b07ec57f3653d035f0d382c21492f7ad62e8d09ce09371e754df07953aa7f32158265a8a57ae4ea912c4aa784623e36fc4792ecfc875d9d29ca2e8b816b57,1.518000000
85,d61735abc76048fee6e2eb93056f535ad23a0e309acd18643f2469f93c013fb1accb484ca85dd84a5ba541888efe1998c13e312e5dd37294592fbcb36b704f3063a4209fd074094915f3f886dd6d9e84c05103db2b9f38818f8b6a0f133e86a1daf6b28fdd9d4457bdeb52136585faafbc1a50587a8f188ecc42b340a7586b15,010001,f8aec3b943109c6c592f0a865a372d8d4237ebd7dac0a13b5b5267076da7b13c1830be847961f96d1a014dd7ed5013dc1b6fbaddd1ff1b0b4d2cca880fa53dd1,0.629000000
86,b68589f2b76895a3e5220909dbe8805ca3176069f097435ab3dc9e8a93985991c0cb21cccfdb3ce72ba7065e2d77dbd82966d66d8f7519a757b8604d7db41f2fab0afdb2ca68c1b6d3b6e027c1598473f3495de39bc31c349359ff0902f0fe57e94e154653932f66c96b185bf4f6ad8ef42ddb0f739bab0be02fbf56c1c2667f,010001,f13a1b2caa03f60830d235a2f88730c0eb8d7fba7c17f8aa30ee79b0d94669d8b4b438dcfc0822363823abad84274b4ac3bd5b15d5265e27353b454a75531f4f,0.712000000
87,b9eb38bd7ee9867ccc477e5275314f4162c488ecb37d954210688d59f6e36439b6674e83705b601312cf8663679c479c1dbfa06d28a3b8a8aff9a25764ec8ab2b284fd9b36e8f8c3c947e139086b5ea64e31ddc17ef345ed9df3a4241adc4c608c53b545518415e5b06f678a7618e0c95ccf06b137331087ee8b5f8cd3bcc78f,010001,e22bca535c63a620eeb52640f715fd4fc2b9adc63cc420d17636d1e841df24b7480d7405e4bdbf1fd9c3c574913666d239330955615ed1b3e3abeb4fe5999c4b,0.421000000
88,a2ecbfd01f54f217f17c248071369d3aa86a60b80607985ad228132d746e92295525a03b4eed588a4d036835b06d469a880a9b3aedd30443d3592e43e1c0d1e5da1ba6386f6ddca7d82074ad4ad62e7ff65949c63b1ab85906402a61ed54f336c8ac8cab72edb9875122b035275c281341c040abc4c1a3e177ccd90c29cd84e5,010001,d2e48a7c28fbe918ff8dedf82f73e50d7fa98594da3f1990121195322ef1fcc813562b4f3f9dd3b8fd93039eac616a6abfbcfaccdfaed2be047a8fcca6b2be9b,0.568000000
89,ca85cb3c13ccfca9892c866ba86663344316080cc704da54eb14d1f9795c9ff621a6f65b1d2dbd2b1027131d1adb5d745ff074ea7dc96a21a0e7173992c8c17b5fc23164884df46fa22901849bde12c4dca2ab9617b41068eb1bfbc21c4990e15c972e7455aa5eb2145fb8389b85bf4d49ffeccc078330da6f48bfee988cac25,010001,f6fc414067af63f8781d3b6f11c685499525b4c3ea2312bfdbaadad18e23e99158594db8228e835e568b22868a67c9012a508ad70347338565beb270d28d6e8d,0.877000000
90,ec805231e4af89c82f5d60216468fbf39bca842560bab575461d4003a220b303655f8b902d9d8cdd44a3306c095d754e71f20bb1d3a683e7bad429748198524923af1f76cf61cc891c9475e1db57446d305bed0feb1ced4300f7ef151a7c553d084dbe92df82685c455178227bc51a423b2b5ed741ce9d34d0191f4a0a42d4df,010001,fa3353406fe4a222a4bd5b414a879f3804d2a3ae570fce034a5d22481d2bac31d392c053a9db78520d366e8e40176c634830921d2fef29cdd277551924f636d3,0.503000000
91,b56acbfce1b91fd1700c610900f8fbfc56f347e67e41d9dc7ba4788aa8d30cb18f526b8793410fddbd3bd2231dd70248c4e9f42db4c3818705f5fff724302e38a1f99582a299715500d08c44e85195abdc6abe98862840e9e1cbfa854478e487958f9274d68b35c9495faaedafced77f2e015326b0ccec0c0a20e33f83a35701,010001,ef1577d30dd7ad2b3d70481092006ee734046e4462191d22b27d770d3b42f95f9f28fec983098e2fefccb4cdeb383d066ff7bf81c053596b3d3218b06c5ddceb,0.710000000
92,bac6403329c16e16890ac8f6c8261d982fda4813179b93fef7de4f42c2b5837278ea7658b9be01f0fbc2e2dfd29eda6c944be274df2b9a57a6c9fb77401caacbeba1d0aa12f6cd4e757d2d2df563fa841c367ac44552297914b6ecdf296f9ef5785037435683fceb7a044081c877164b6ee41cf765e4e92cd750bf6a8b2e833d,010001,f28a1bd93f04884d895b526a9888724e70b9db77f9362a90a9e971aed25e75ee10fc334c2bfcb378a4eb357f8d8fab4fd992117832c86dd66b7fccd5a899d513,1.957000000
93,b92213fd13cb1c21e1fe0fedff9a63cdf4ad4df5f387467c32b6674025b2bc164e292cfa072b3c2d3d04350709d1e1c99163169210e8aad81c5456d24d6e2821aa3ac360882b2ead27f5b096db6499b67fd6cebd4e4a473c5b524880170e0a6537014160b45a2db3d7f790906bf3efd4df1c5b576a016309268844e26a21c14b,010001,df644c2cbd18a73dfde8e14ca2e5b0c4a1080216b0145e946439fb69ac0cc6638431bc02281b71aea129e854adbe66e79220ac779f5368910123aec77e5f48f5,2.037000000
94,c5afeea870c9093c3d545fae3f6912ec022ee55f8bc33399ab59236be109bd63c4bfee23794226e74e0373a98fbf2cc8a1b8decceaa5e0ad1f9f56a7bcb7e60ff4784b6e52c70810a6e683391cc64b5af31a2f163c540b62ee3ff36ecb675a661898351fd6d6cd3c3ac11ed8d285e7313bb6b560609c87fbed4637019d5136d7,010001,fec029c9c4d8376b10a7ad10a3aefc8a1fe30fd2a9f939ea0417412fd8c0b9d49bb30183a1d2545e47e6d71c89c9bd90028d9429f6699bca1e3bc958b6409ae5,1.043000000
95,bbcb83f21cef6c618365fde4f3a46a910ff42814c89e7529a0506165ebc2f9df9e68189879e5210c6604a9251467b3910564fac44ecf72481ba23ebd8e870cdc3e4d0ee7195af1156da35daa79b2b7c61ec54a21be4b64fb1e7ee217768c54ca4f6857c866d13cf1eb306ca283ae4f3956cd3a7b1df787403c4ba9101a58211d,010001,e904f748efa55d1728c03fddb9c80fac0cb2a4f80be4bcca896ee24d01662291f5ef75e9888ce4e7a55cac7acda0382d623fa831ad5d006506d657455b995ff3,0.855000000
96,c8d9b9fd59cdf6a336cd51a8636ad3e624038153ede02daf02e72c6c4755b63c6a184562b353566abde54e153175a247617e37efee744cf93ee314351bc51412369d1dd4399eecb4290640fab257c6bc7155a0afb26abdfb531c733cc2979239e206925c81619013603693286c5cd3377b659d31a90e583748facfd799011d8d,010001,fefa566a5c564a9015c17d92f17a67b151342bc891e8c66953d151beb41a3e2b6ed747e03026eb5776041a016b5710211e8b2311ef97f90dbd6f4a08a2583cb7,0.917000000
97,96d1d8cc3d759e24b0be459cd45e09ad566b2e28da8ab86068940a267b503c1ceab47256764cfa3732931cb6bac5a8dc316081a56b04298a5eb02844d7f96ffe4f948ef8b013f669bda3abd9ad891a635d6040b2100ca813300f36c9315b82eaa993dfcf59cc896d787c198290355a1293108952c66ccd12a6b72e164db0b245,010001,c7b4855cc372f228ee804baa76cecede9b05a1b6cc8507e1d6c5d32ed3a14764d4b4b55edf519b23b7c9462816e57850cd8a38a5e25f6860203d698462813151,1.186000000
98,ad2e68a5e68bd5604381ad40eb624c35bfc423f808c38dc5c0ee8efa755c4dc219a101976b05c9d20589ae9b72145faad736b2c3c06787fcc726630de439f6df19bbcccf93c1781e4d1593fe05806ee3d9d5df4db9ba3e332a822d6d832b3cba5175dd56745134271eae835c31e2eae585b07f9900cee3f9b53d75288b194fa3,010001,d9e9a01dfdbb363f6201a2a99c0127355c0b7696025b8d557b63b28feeb0409b688ea032a27cb8f362fc465bebbbac57fc48ad1a7e4731b6b7db177aa29a4377,1.894000000
99,a7fdf2053a08e15e16822e4ae9f5434cfa41b5299ed14a7d5c570e2f97b065a7bce71fe2e78e8768fa0dd80a98a5b79ba39b51c743637decfbce245bc1fbdfe0c1a3b9d3ac8cd3b621ba41770e7ac7cc24a0d6fb61c6e5b8eefb3a9885bcc729f96c05df1ab1f6b037c57139417e8f545e9053ccad132e0fb295b9f58b2064eb,010001,d2d5a880f7a6f621d97721625e99bb444117ddac5a42ff02f25c11a60fcc84c4142b8d40d431d55f16b50653958117f44c91a0e9ce3a6fcb87096c1cd6ff654d,0.379000000
