id,algorithm,curve,digest,signature_r,signature_s,private_key,public_key_x,public_key_y,nonce_point_x,nonce_point_y,duration,duration_extra,return_code
0,001b,0010,,,,,,,,,0.004990000,0.000000000,02d2
1,001b,0010,,,,,,,,,0.004995000,0.000000000,02d2
2,001b,0010,,,,,,,,,0.004965000,0.000000000,02d2
3,001b,0010,,,,,,,,,0.004976000,0.000000000,02d2
4,001b,0010,,,,,,,,,0.004313000,0.000000000,02d2
5,001b,0010,,,,,,,,,0.004651000,0.000000000,02d2
6,001b,0010,,,,,,,,,0.004962000,0.000000000,02d2
7,001b,0010,,,,,,,,,0.004986000,0.000000000,02d2
8,001b,0010,,,,,,,,,0.004292000,0.000000000,02d2
9,001b,0010,,,,,,,,,0.004652000,0.000000000,02d2
10,001b,0010,,,,,,,,,0.004991000,0.000000000,02d2
11,001b,0010,,,,,,,,,0.005140000,0.000000000,02d2
12,001b,0010,,,,,,,,,0.004960000,0.000000000,02d2
13,001b,0010,,,,,,,,,0.004836000,0.000000000,02d2
14,001b,0010,,,,,,,,,0.005007000,0.000000000,02d2
15,001b,0010,,,,,,,,,0.005015000,0.000000000,02d2
16,001b,0010,,,,,,,,,0.004932000,0.000000000,02d2
17,001b,0010,,,,,,,,,0.005125000,0.000000000,02d2
18,001b,0010,,,,,,,,,0.004968000,0.000000000,02d2
19,001b,0010,,,,,,,,,0.004875000,0.000000000,02d2
20,001b,0010,,,,,,,,,0.004950000,0.000000000,02d2
21,001b,0010,,,,,,,,,0.004311000,0.000000000,02d2
22,001b,0010,,,,,,,,,0.004652000,0.000000000,02d2
23,001b,0010,,,,,,,,,0.004990000,0.000000000,02d2
24,001b,0010,,,,,,,,,0.004982000,0.000000000,02d2
25,001b,0010,,,,,,,,,0.004973000,0.000000000,02d2
26,001b,0010,,,,,,,,,0.004988000,0.000000000,02d2
27,001b,0010,,,,,,,,,0.004986000,0.000000000,02d2
28,001b,0010,,,,,,,,,0.004966000,0.000000000,02d2
29,001b,0010,,,,,,,,,0.004959000,0.000000000,02d2
30,001b,0010,,,,,,,,,0.004982000,0.000000000,02d2
31,001b,0010,,,,,,,,,0.005002000,0.000000000,02d2
32,001b,0010,,,,,,,,,0.004990000,0.000000000,02d2
33,001b,0010,,,,,,,,,0.004980000,0.000000000,02d2
34,001b,0010,,,,,,,,,0.004072000,0.000000000,02d2
35,001b,0010,,,,,,,,,0.005152000,0.000000000,02d2
36,001b,0010,,,,,,,,,0.004788000,0.000000000,02d2
37,001b,0010,,,,,,,,,0.004991000,0.000000000,02d2
38,001b,0010,,,,,,,,,0.005051000,0.000000000,02d2
39,001b,0010,,,,,,,,,0.004990000,0.000000000,02d2
40,001b,0010,,,,,,,,,0.004932000,0.000000000,02d2
41,001b,0010,,,,,,,,,0.005056000,0.000000000,02d2
42,001b,0010,,,,,,,,,0.005076000,0.000000000,02d2
43,001b,0010,,,,,,,,,0.004875000,0.000000000,02d2
44,001b,0010,,,,,,,,,0.005107000,0.000000000,02d2
45,001b,0010,,,,,,,,,0.004999000,0.000000000,02d2
46,001b,0010,,,,,,,,,0.004805000,0.000000000,02d2
47,001b,0010,,,,,,,,,0.005027000,0.000000000,02d2
48,001b,0010,,,,,,,,,0.005012000,0.000000000,02d2
49,001b,0010,,,,,,,,,0.004995000,0.000000000,02d2
50,001b,0010,,,,,,,,,0.004954000,0.000000000,02d2
51,001b,0010,,,,,,,,,0.005012000,0.000000000,02d2
52,001b,0010,,,,,,,,,0.004948000,0.000000000,02d2
53,001b,0010,,,,,,,,,0.005002000,0.000000000,02d2
54,001b,0010,,,,,,,,,0.004998000,0.000000000,02d2
55,001b,0010,,,,,,,,,0.005004000,0.000000000,02d2
56,001b,0010,,,,,,,,,0.004962000,0.000000000,02d2
57,001b,0010,,,,,,,,,0.004975000,0.000000000,02d2
58,001b,0010,,,,,,,,,0.004982000,0.000000000,02d2
59,001b,0010,,,,,,,,,0.004447000,0.000000000,02d2
60,001b,0010,,,,,,,,,0.004497000,0.000000000,02d2
61,001b,0010,,,,,,,,,0.005161000,0.000000000,02d2
62,001b,0010,,,,,,,,,0.004276000,0.000000000,02d2
63,001b,0010,,,,,,,,,0.004519000,0.000000000,02d2
64,001b,0010,,,,,,,,,0.004995000,0.000000000,02d2
65,001b,0010,,,,,,,,,0.004975000,0.000000000,02d2
66,001b,0010,,,,,,,,,0.004984000,0.000000000,02d2
67,001b,0010,,,,,,,,,0.004986000,0.000000000,02d2
68,001b,0010,,,,,,,,,0.004975000,0.000000000,02d2
69,001b,0010,,,,,,,,,0.004955000,0.000000000,02d2
70,001b,0010,,,,,,,,,0.004980000,0.000000000,02d2
71,001b,0010,,,,,,,,,0.004974000,0.000000000,02d2
72,001b,0010,,,,,,,,,0.004985000,0.000000000,02d2
73,001b,0010,,,,,,,,,0.004988000,0.000000000,02d2
74,001b,0010,,,,,,,,,0.005004000,0.000000000,02d2
75,001b,0010,,,,,,,,,0.005023000,0.000000000,02d2
76,001b,0010,,,,,,,,,0.005074000,0.000000000,02d2
77,001b,0010,,,,,,,,,0.004938000,0.000000000,02d2
78,001b,0010,,,,,,,,,0.004945000,0.000000000,02d2
79,001b,0010,,,,,,,,,0.005062000,0.000000000,02d2
80,001b,0010,,,,,,,,,0.004981000,0.000000000,02d2
81,001b,0010,,,,,,,,,0.004971000,0.000000000,02d2
82,001b,0010,,,,,,,,,0.005145000,0.000000000,02d2
83,001b,0010,,,,,,,,,0.004795000,0.000000000,02d2
84,001b,0010,,,,,,,,,0.004947000,0.000000000,02d2
85,001b,0010,,,,,,,,,0.004992000,0.000000000,02d2
86,001b,0010,,,,,,,,,0.004994000,0.000000000,02d2
87,001b,0010,,,,,,,,,0.005005000,0.000000000,02d2
88,001b,0010,,,,,,,,,0.004999000,0.000000000,02d2
89,001b,0010,,,,,,,,,0.005026000,0.000000000,02d2
90,001b,0010,,,,,,,,,0.005072000,0.000000000,02d2
91,001b,0010,,,,,,,,,0.004984000,0.000000000,02d2
92,001b,0010,,,,,,,,,0.005083000,0.000000000,02d2
93,001b,0010,,,,,,,,,0.004804000,0.000000000,02d2
94,001b,0010,,,,,,,,,0.005012000,0.000000000,02d2
95,001b,0010,,,,,,,,,0.005028000,0.000000000,02d2
96,001b,0010,,,,,,,,,0.004983000,0.000000000,02d2
97,001b,0010,,,,,,,,,0.005072000,0.000000000,02d2
98,001b,0010,,,,,,,,,0.005019000,0.000000000,02d2
99,001b,0010,,,,,,,,,0.004880000,0.000000000,02d2
100,001b,0010,,,,,,,,,0.004979000,0.000000000,02d2
101,001b,0010,,,,,,,,,0.004913000,0.000000000,02d2
102,001b,0010,,,,,,,,,0.005055000,0.000000000,02d2
103,001b,0010,,,,,,,,,0.004940000,0.000000000,02d2
104,001b,0010,,,,,,,,,0.005066000,0.000000000,02d2
105,001b,0010,,,,,,,,,0.004980000,0.000000000,02d2
106,001b,0010,,,,,,,,,0.004991000,0.000000000,02d2
107,001b,0010,,,,,,,,,0.004958000,0.000000000,02d2
108,001b,0010,,,,,,,,,0.005028000,0.000000000,02d2
109,001b,0010,,,,,,,,,0.004273000,0.000000000,02d2
110,001b,0010,,,,,,,,,0.004659000,0.000000000,02d2
111,001b,0010,,,,,,,,,0.004982000,0.000000000,02d2
112,001b,0010,,,,,,,,,0.005005000,0.000000000,02d2
113,001b,0010,,,,,,,,,0.004973000,0.000000000,02d2
114,001b,0010,,,,,,,,,0.004972000,0.000000000,02d2
115,001b,0010,,,,,,,,,0.005123000,0.000000000,02d2
116,001b,0010,,,,,,,,,0.004971000,0.000000000,02d2
117,001b,0010,,,,,,,,,0.004837000,0.000000000,02d2
118,001b,0010,,,,,,,,,0.005006000,0.000000000,02d2
119,001b,0010,,,,,,,,,0.005112000,0.000000000,02d2
120,001b,0010,,,,,,,,,0.004852000,0.000000000,02d2
121,001b,0010,,,,,,,,,0.004955000,0.000000000,02d2
122,001b,0010,,,,,,,,,0.005025000,0.000000000,02d2
123,001b,0010,,,,,,,,,0.004965000,0.000000000,02d2
124,001b,0010,,,,,,,,,0.004954000,0.000000000,02d2
125,001b,0010,,,,,,,,,0.004980000,0.000000000,02d2
126,001b,0010,,,,,,,,,0.004989000,0.000000000,02d2
127,001b,0010,,,,,,,,,0.004979000,0.000000000,02d2
128,001b,0010,,,,,,,,,0.004989000,0.000000000,02d2
129,001b,0010,,,,,,,,,0.004977000,0.000000000,02d2
130,001b,0010,,,,,,,,,0.004999000,0.000000000,02d2
131,001b,0010,,,,,,,,,0.004944000,0.000000000,02d2
132,001b,0010,,,,,,,,,0.004968000,0.000000000,02d2
133,001b,0010,,,,,,,,,0.004989000,0.000000000,02d2
134,001b,0010,,,,,,,,,0.004990000,0.000000000,02d2
135,001b,0010,,,,,,,,,0.004975000,0.000000000,02d2
136,001b,0010,,,,,,,,,0.004992000,0.000000000,02d2
137,001b,0010,,,,,,,,,0.005112000,0.000000000,02d2
138,001b,0010,,,,,,,,,0.005000000,0.000000000,02d2
139,001b,0010,,,,,,,,,0.004988000,0.000000000,02d2
140,001b,0010,,,,,,,,,0.004886000,0.000000000,02d2
141,001b,0010,,,,,,,,,0.005028000,0.000000000,02d2
142,001b,0010,,,,,,,,,0.005162000,0.000000000,02d2
143,001b,0010,,,,,,,,,0.004907000,0.000000000,02d2
144,001b,0010,,,,,,,,,0.004980000,0.000000000,02d2
145,001b,0010,,,,,,,,,0.004975000,0.000000000,02d2
146,001b,0010,,,,,,,,,0.004994000,0.000000000,02d2
147,001b,0010,,,,,,,,,0.004990000,0.000000000,02d2
148,001b,0010,,,,,,,,,0.005110000,0.000000000,02d2
149,001b,0010,,,,,,,,,0.004974000,0.000000000,02d2
150,001b,0010,,,,,,,,,0.004834000,0.000000000,02d2
151,001b,0010,,,,,,,,,0.005136000,0.000000000,02d2
152,001b,0010,,,,,,,,,0.004888000,0.000000000,02d2
153,001b,0010,,,,,,,,,0.004997000,0.000000000,02d2
154,001b,0010,,,,,,,,,0.005000000,0.000000000,02d2
155,001b,0010,,,,,,,,,0.005090000,0.000000000,02d2
156,001b,0010,,,,,,,,,0.004960000,0.000000000,02d2
157,001b,0010,,,,,,,,,0.004861000,0.000000000,02d2
158,001b,0010,,,,,,,,,0.005002000,0.000000000,02d2
159,001b,0010,,,,,,,,,0.005279000,0.000000000,02d2
160,001b,0010,,,,,,,,,0.004656000,0.000000000,02d2
161,001b,0010,,,,,,,,,0.005002000,0.000000000,02d2
162,001b,0010,,,,,,,,,0.005004000,0.000000000,02d2
163,001b,0010,,,,,,,,,0.004967000,0.000000000,02d2
164,001b,0010,,,,,,,,,0.004982000,0.000000000,02d2
165,001b,0010,,,,,,,,,0.004968000,0.000000000,02d2
166,001b,0010,,,,,,,,,0.004978000,0.000000000,02d2
167,001b,0010,,,,,,,,,0.004983000,0.000000000,02d2
168,001b,0010,,,,,,,,,0.004974000,0.000000000,02d2
169,001b,0010,,,,,,,,,0.004991000,0.000000000,02d2
170,001b,0010,,,,,,,,,0.005016000,0.000000000,02d2
171,001b,0010,,,,,,,,,0.004942000,0.000000000,02d2
172,001b,0010,,,,,,,,,0.004960000,0.000000000,02d2
173,001b,0010,,,,,,,,,0.004976000,0.000000000,02d2
174,001b,0010,,,,,,,,,0.004991000,0.000000000,02d2
175,001b,0010,,,,,,,,,0.004967000,0.000000000,02d2
176,001b,0010,,,,,,,,,0.004993000,0.000000000,02d2
177,001b,0010,,,,,,,,,0.004994000,0.000000000,02d2
178,001b,0010,,,,,,,,,0.005110000,0.000000000,02d2
179,001b,0010,,,,,,,,,0.004993000,0.000000000,02d2
180,001b,0010,,,,,,,,,0.004136000,0.000000000,02d2
181,001b,0010,,,,,,,,,0.004749000,0.000000000,02d2
182,001b,0010,,,,,,,,,0.005077000,0.000000000,02d2
183,001b,0010,,,,,,,,,0.005115000,0.000000000,02d2
184,001b,0010,,,,,,,,,0.003834000,0.000000000,02d2
185,001b,0010,,,,,,,,,0.005053000,0.000000000,02d2
186,001b,0010,,,,,,,,,0.004969000,0.000000000,02d2
187,001b,0010,,,,,,,,,0.004238000,0.000000000,02d2
188,001b,0010,,,,,,,,,0.004725000,0.000000000,02d2
189,001b,0010,,,,,,,,,0.005111000,0.000000000,02d2
190,001b,0010,,,,,,,,,0.004983000,0.000000000,02d2
191,001b,0010,,,,,,,,,0.004884000,0.000000000,02d2
192,001b,0010,,,,,,,,,0.004989000,0.000000000,02d2
193,001b,0010,,,,,,,,,0.004997000,0.000000000,02d2
194,001b,0010,,,,,,,,,0.004975000,0.000000000,02d2
195,001b,0010,,,,,,,,,0.004974000,0.000000000,02d2
196,001b,0010,,,,,,,,,0.005026000,0.000000000,02d2
197,001b,0010,,,,,,,,,0.005092000,0.000000000,02d2
198,001b,0010,,,,,,,,,0.004828000,0.000000000,02d2
199,001b,0010,,,,,,,,,0.005005000,0.000000000,02d2
200,001b,0010,,,,,,,,,0.004983000,0.000000000,02d2
201,001b,0010,,,,,,,,,0.004959000,0.000000000,02d2
202,001b,0010,,,,,,,,,0.005146000,0.000000000,02d2
203,001b,0010,,,,,,,,,0.004282000,0.000000000,02d2
204,001b,0010,,,,,,,,,0.004535000,0.000000000,02d2
205,001b,0010,,,,,,,,,0.004970000,0.000000000,02d2
206,001b,0010,,,,,,,,,0.004994000,0.000000000,02d2
207,001b,0010,,,,,,,,,0.005012000,0.000000000,02d2
208,001b,0010,,,,,,,,,0.004930000,0.000000000,02d2
209,001b,0010,,,,,,,,,0.005128000,0.000000000,02d2
210,001b,0010,,,,,,,,,0.004157000,0.000000000,02d2
211,001b,0010,,,,,,,,,0.004664000,0.000000000,02d2
212,001b,0010,,,,,,,,,0.005013000,0.000000000,02d2
213,001b,0010,,,,,,,,,0.004971000,0.000000000,02d2
214,001b,0010,,,,,,,,,0.005115000,0.000000000,02d2
215,001b,0010,,,,,,,,,0.004834000,0.000000000,02d2
216,001b,0010,,,,,,,,,0.005013000,0.000000000,02d2
217,001b,0010,,,,,,,,,0.004968000,0.000000000,02d2
218,001b,0010,,,,,,,,,0.004952000,0.000000000,02d2
219,001b,0010,,,,,,,,,0.005001000,0.000000000,02d2
220,001b,0010,,,,,,,,,0.005134000,0.000000000,02d2
221,001b,0010,,,,,,,,,0.004809000,0.000000000,02d2
222,001b,0010,,,,,,,,,0.004986000,0.000000000,02d2
223,001b,0010,,,,,,,,,0.004997000,0.000000000,02d2
224,001b,0010,,,,,,,,,0.004953000,0.000000000,02d2
225,001b,0010,,,,,,,,,0.004971000,0.000000000,02d2
226,001b,0010,,,,,,,,,0.004970000,0.000000000,02d2
227,001b,0010,,,,,,,,,0.004982000,0.000000000,02d2
228,001b,0010,,,,,,,,,0.005011000,0.000000000,02d2
229,001b,0010,,,,,,,,,0.004974000,0.000000000,02d2
230,001b,0010,,,,,,,,,0.005002000,0.000000000,02d2
231,001b,0010,,,,,,,,,0.004332000,0.000000000,02d2
232,001b,0010,,,,,,,,,0.004599000,0.000000000,02d2
233,001b,0010,,,,,,,,,0.005010000,0.000000000,02d2
234,001b,0010,,,,,,,,,0.004976000,0.000000000,02d2
235,001b,0010,,,,,,,,,0.004958000,0.000000000,02d2
236,001b,0010,,,,,,,,,0.005007000,0.000000000,02d2
237,001b,0010,,,,,,,,,0.005128000,0.000000000,02d2
238,001b,0010,,,,,,,,,0.004827000,0.000000000,02d2
239,001b,0010,,,,,,,,,0.004988000,0.000000000,02d2
240,001b,0010,,,,,,,,,0.004987000,0.000000000,02d2
241,001b,0010,,,,,,,,,0.004966000,0.000000000,02d2
242,001b,0010,,,,,,,,,0.004984000,0.000000000,02d2
243,001b,0010,,,,,,,,,0.005016000,0.000000000,02d2
244,001b,0010,,,,,,,,,0.005081000,0.000000000,02d2
245,001b,0010,,,,,,,,,0.004852000,0.000000000,02d2
246,001b,0010,,,,,,,,,0.004993000,0.000000000,02d2
247,001b,0010,,,,,,,,,0.004985000,0.000000000,02d2
248,001b,0010,,,,,,,,,0.004963000,0.000000000,02d2
249,001b,0010,,,,,,,,,0.004986000,0.000000000,02d2
250,001b,0010,,,,,,,,,0.004977000,0.000000000,02d2
251,001b,0010,,,,,,,,,0.004986000,0.000000000,02d2
252,001b,0010,,,,,,,,,0.004994000,0.000000000,02d2
253,001b,0010,,,,,,,,,0.004989000,0.000000000,02d2
254,001b,0010,,,,,,,,,0.004976000,0.000000000,02d2
255,001b,0010,,,,,,,,,0.004950000,0.000000000,02d2
256,001b,0010,,,,,,,,,0.004984000,0.000000000,02d2
257,001b,0010,,,,,,,,,0.004981000,0.000000000,02d2
258,001b,0010,,,,,,,,,0.004988000,0.000000000,02d2
259,001b,0010,,,,,,,,,0.004982000,0.000000000,02d2
260,001b,0010,,,,,,,,,0.004988000,0.000000000,02d2
261,001b,0010,,,,,,,,,0.004050000,0.000000000,02d2
262,001b,0010,,,,,,,,,0.004983000,0.000000000,02d2
263,001b,0010,,,,,,,,,0.005040000,0.000000000,02d2
264,001b,0010,,,,,,,,,0.005140000,0.000000000,02d2
265,001b,0010,,,,,,,,,0.004769000,0.000000000,02d2
266,001b,0010,,,,,,,,,0.004163000,0.000000000,02d2
267,001b,0010,,,,,,,,,0.005005000,0.000000000,02d2
268,001b,0010,,,,,,,,,0.005004000,0.000000000,02d2
269,001b,0010,,,,,,,,,0.004866000,0.000000000,02d2
270,001b,0010,,,,,,,,,0.004096000,0.000000000,02d2
271,001b,0010,,,,,,,,,0.004899000,0.000000000,02d2
272,001b,0010,,,,,,,,,0.003971000,0.000000000,02d2
273,001b,0010,,,,,,,,,0.005120000,0.000000000,02d2
274,001b,0010,,,,,,,,,0.004982000,0.000000000,02d2
275,001b,0010,,,,,,,,,0.004982000,0.000000000,02d2
276,001b,0010,,,,,,,,,0.004871000,0.000000000,02d2
277,001b,0010,,,,,,,,,0.005007000,0.000000000,02d2
278,001b,0010,,,,,,,,,0.005126000,0.000000000,02d2
279,001b,0010,,,,,,,,,0.004860000,0.000000000,02d2
280,001b,0010,,,,,,,,,0.005093000,0.000000000,02d2
281,001b,0010,,,,,,,,,0.004961000,0.000000000,02d2
282,001b,0010,,,,,,,,,0.004866000,0.000000000,02d2
283,001b,0010,,,,,,,,,0.005107000,0.000000000,02d2
284,001b,0010,,,,,,,,,0.004982000,0.000000000,02d2
285,001b,0010,,,,,,,,,0.004970000,0.000000000,02d2
286,001b,0010,,,,,,,,,0.004853000,0.000000000,02d2
287,001b,0010,,,,,,,,,0.005113000,0.000000000,02d2
288,001b,0010,,,,,,,,,0.004972000,0.000000000,02d2
289,001b,0010,,,,,,,,,0.004841000,0.000000000,02d2
290,001b,0010,,,,,,,,,0.005011000,0.000000000,02d2
291,001b,0010,,,,,,,,,0.004956000,0.000000000,02d2
292,001b,0010,,,,,,,,,0.004986000,0.000000000,02d2
293,001b,0010,,,,,,,,,0.004977000,0.000000000,02d2
294,001b,0010,,,,,,,,,0.004994000,0.000000000,02d2
295,001b,0010,,,,,,,,,0.004973000,0.000000000,02d2
296,001b,0010,,,,,,,,,0.004981000,0.000000000,02d2
297,001b,0010,,,,,,,,,0.004953000,0.000000000,02d2
298,001b,0010,,,,,,,,,0.004977000,0.000000000,02d2
299,001b,0010,,,,,,,,,0.004990000,0.000000000,02d2
300,001b,0010,,,,,,,,,0.004976000,0.000000000,02d2
301,001b,0010,,,,,,,,,0.004983000,0.000000000,02d2
302,001b,0010,,,,,,,,,0.004999000,0.000000000,02d2
303,001b,0010,,,,,,,,,0.005011000,0.000000000,02d2
304,001b,0010,,,,,,,,,0.005195000,0.000000000,02d2
305,001b,0010,,,,,,,,,0.004905000,0.000000000,02d2
306,001b,0010,,,,,,,,,0.004894000,0.000000000,02d2
307,001b,0010,,,,,,,,,0.005149000,0.000000000,02d2
308,001b,0010,,,,,,,,,0.004913000,0.000000000,02d2
309,001b,0010,,,,,,,,,0.004948000,0.000000000,02d2
310,001b,0010,,,,,,,,,0.005037000,0.000000000,02d2
311,001b,0010,,,,,,,,,0.005238000,0.000000000,02d2
312,001b,0010,,,,,,,,,0.004696000,0.000000000,02d2
313,001b,0010,,,,,,,,,0.004977000,0.000000000,02d2
314,001b,0010,,,,,,,,,0.004952000,0.000000000,02d2
315,001b,0010,,,,,,,,,0.005012000,0.000000000,02d2
316,001b,0010,,,,,,,,,0.005008000,0.000000000,02d2
317,001b,0010,,,,,,,,,0.004984000,0.000000000,02d2
318,001b,0010,,,,,,,,,0.004152000,0.000000000,02d2
319,001b,0010,,,,,,,,,0.004834000,0.000000000,02d2
320,001b,0010,,,,,,,,,0.004065000,0.000000000,02d2
321,001b,0010,,,,,,,,,0.004967000,0.000000000,02d2
322,001b,0010,,,,,,,,,0.004924000,0.000000000,02d2
323,001b,0010,,,,,,,,,0.005027000,0.000000000,02d2
324,001b,0010,,,,,,,,,0.004973000,0.000000000,02d2
325,001b,0010,,,,,,,,,0.005065000,0.000000000,02d2
326,001b,0010,,,,,,,,,0.005087000,0.000000000,02d2
327,001b,0010,,,,,,,,,0.004979000,0.000000000,02d2
328,001b,0010,,,,,,,,,0.004990000,0.000000000,02d2
329,001b,0010,,,,,,,,,0.004812000,0.000000000,02d2
330,001b,0010,,,,,,,,,0.005081000,0.000000000,02d2
331,001b,0010,,,,,,,,,0.004960000,0.000000000,02d2
332,001b,0010,,,,,,,,,0.005113000,0.000000000,02d2
333,001b,0010,,,,,,,,,0.004860000,0.000000000,02d2
334,001b,0010,,,,,,,,,0.005124000,0.000000000,02d2
335,001b,0010,,,,,,,,,0.004963000,0.000000000,02d2
336,001b,0010,,,,,,,,,0.004856000,0.000000000,02d2
337,001b,0010,,,,,,,,,0.004986000,0.000000000,02d2
338,001b,0010,,,,,,,,,0.004985000,0.000000000,02d2
339,001b,0010,,,,,,,,,0.004963000,0.000000000,02d2
340,001b,0010,,,,,,,,,0.005147000,0.000000000,02d2
341,001b,0010,,,,,,,,,0.004954000,0.000000000,02d2
342,001b,0010,,,,,,,,,0.004986000,0.000000000,02d2
343,001b,0010,,,,,,,,,0.004844000,0.000000000,02d2
344,001b,0010,,,,,,,,,0.005007000,0.000000000,02d2
345,001b,0010,,,,,,,,,0.005107000,0.000000000,02d2
346,001b,0010,,,,,,,,,0.004837000,0.000000000,02d2
347,001b,0010,,,,,,,,,0.005121000,0.000000000,02d2
348,001b,0010,,,,,,,,,0.004866000,0.000000000,02d2
349,001b,0010,,,,,,,,,0.004955000,0.000000000,02d2
350,001b,0010,,,,,,,,,0.005109000,0.000000000,02d2
351,001b,0010,,,,,,,,,0.004849000,0.000000000,02d2
352,001b,0010,,,,,,,,,0.005127000,0.000000000,02d2
353,001b,0010,,,,,,,,,0.004822000,0.000000000,02d2
354,001b,0010,,,,,,,,,0.004973000,0.000000000,02d2
355,001b,0010,,,,,,,,,0.004984000,0.000000000,02d2
356,001b,0010,,,,,,,,,0.005004000,0.000000000,02d2
357,001b,0010,,,,,,,,,0.004971000,0.000000000,02d2
358,001b,0010,,,,,,,,,0.004987000,0.000000000,02d2
359,001b,0010,,,,,,,,,0.004959000,0.000000000,02d2
360,001b,0010,,,,,,,,,0.004967000,0.000000000,02d2
361,001b,0010,,,,,,,,,0.004978000,0.000000000,02d2
362,001b,0010,,,,,,,,,0.004990000,0.000000000,02d2
363,001b,0010,,,,,,,,,0.004991000,0.000000000,02d2
364,001b,0010,,,,,,,,,0.004993000,0.000000000,02d2
365,001b,0010,,,,,,,,,0.005033000,0.000000000,02d2
366,001b,0010,,,,,,,,,0.005078000,0.000000000,02d2
367,001b,0010,,,,,,,,,0.005071000,0.000000000,02d2
368,001b,0010,,,,,,,,,0.004901000,0.000000000,02d2
369,001b,0010,,,,,,,,,0.004919000,0.000000000,02d2
370,001b,0010,,,,,,,,,0.005039000,0.000000000,02d2
371,001b,0010,,,,,,,,,0.004943000,0.000000000,02d2
372,001b,0010,,,,,,,,,0.004960000,0.000000000,02d2
373,001b,0010,,,,,,,,,0.005062000,0.000000000,02d2
374,001b,0010,,,,,,,,,0.004918000,0.000000000,02d2
375,001b,0010,,,,,,,,,0.004994000,0.000000000,02d2
376,001b,0010,,,,,,,,,0.004995000,0.000000000,02d2
377,001b,0010,,,,,,,,,0.005005000,0.000000000,02d2
378,001b,0010,,,,,,,,,0.005024000,0.000000000,02d2
379,001b,0010,,,,,,,,,0.005010000,0.000000000,02d2
380,001b,0010,,,,,,,,,0.005102000,0.000000000,02d2
381,001b,0010,,,,,,,,,0.005014000,0.000000000,02d2
382,001b,0010,,,,,,,,,0.004806000,0.000000000,02d2
383,001b,0010,,,,,,,,,0.005010000,0.000000000,02d2
384,001b,0010,,,,,,,,,0.005076000,0.000000000,02d2
385,001b,0010,,,,,,,,,0.004991000,0.000000000,02d2
386,001b,0010,,,,,,,,,0.004938000,0.000000000,02d2
387,001b,0010,,,,,,,,,0.005138000,0.000000000,02d2
388,001b,0010,,,,,,,,,0.004990000,0.000000000,02d2
389,001b,0010,,,,,,,,,0.004863000,0.000000000,02d2
390,001b,0010,,,,,,,,,0.005001000,0.000000000,02d2
391,001b,0010,,,,,,,,,0.004989000,0.000000000,02d2
392,001b,0010,,,,,,,,,0.004947000,0.000000000,02d2
393,001b,0010,,,,,,,,,0.005015000,0.000000000,02d2
394,001b,0010,,,,,,,,,0.005136000,0.000000000,02d2
395,001b,0010,,,,,,,,,0.005007000,0.000000000,02d2
396,001b,0010,,,,,,,,,0.004815000,0.000000000,02d2
397,001b,0010,,,,,,,,,0.005029000,0.000000000,02d2
398,001b,0010,,,,,,,,,0.004969000,0.000000000,02d2
399,001b,0010,,,,,,,,,0.004951000,0.000000000,02d2
400,001b,0010,,,,,,,,,0.005014000,0.000000000,02d2
401,001b,0010,,,,,,,,,0.004962000,0.000000000,02d2
402,001b,0010,,,,,,,,,0.004953000,0.000000000,02d2
403,001b,0010,,,,,,,,,0.004989000,0.000000000,02d2
404,001b,0010,,,,,,,,,0.004997000,0.000000000,02d2
405,001b,0010,,,,,,,,,0.005112000,0.000000000,02d2
406,001b,0010,,,,,,,,,0.004819000,0.000000000,02d2
407,001b,0010,,,,,,,,,0.005120000,0.000000000,02d2
408,001b,0010,,,,,,,,,0.004980000,0.000000000,02d2
409,001b,0010,,,,,,,,,0.004826000,0.000000000,02d2
410,001b,0010,,,,,,,,,0.005130000,0.000000000,02d2
411,001b,0010,,,,,,,,,0.004850000,0.000000000,02d2
412,001b,0010,,,,,,,,,0.004986000,0.000000000,02d2
413,001b,0010,,,,,,,,,0.004969000,0.000000000,02d2
414,001b,0010,,,,,,,,,0.004977000,0.000000000,02d2
415,001b,0010,,,,,,,,,0.004988000,0.000000000,02d2
416,001b,0010,,,,,,,,,0.004984000,0.000000000,02d2
417,001b,0010,,,,,,,,,0.004986000,0.000000000,02d2
418,001b,0010,,,,,,,,,0.004978000,0.000000000,02d2
419,001b,0010,,,,,,,,,0.004982000,0.000000000,02d2
420,001b,0010,,,,,,,,,0.004961000,0.000000000,02d2
421,001b,0010,,,,,,,,,0.004970000,0.000000000,02d2
422,001b,0010,,,,,,,,,0.004983000,0.000000000,02d2
423,001b,0010,,,,,,,,,0.004994000,0.000000000,02d2
424,001b,0010,,,,,,,,,0.004983000,0.000000000,02d2
425,001b,0010,,,,,,,,,0.004992000,0.000000000,02d2
426,001b,0010,,,,,,,,,0.005018000,0.000000000,02d2
427,001b,0010,,,,,,,,,0.005065000,0.000000000,02d2
428,001b,0010,,,,,,,,,0.005001000,0.000000000,02d2
429,001b,0010,,,,,,,,,0.004944000,0.000000000,02d2
430,001b,0010,,,,,,,,,0.005050000,0.000000000,02d2
431,001b,0010,,,,,,,,,0.005071000,0.000000000,02d2
432,001b,0010,,,,,,,,,0.004941000,0.000000000,02d2
433,001b,0010,,,,,,,,,0.004930000,0.000000000,02d2
434,001b,0010,,,,,,,,,0.005001000,0.000000000,02d2
435,001b,0010,,,,,,,,,0.004973000,0.000000000,02d2
436,001b,0010,,,,,,,,,0.004971000,0.000000000,02d2
437,001b,0010,,,,,,,,,0.005113000,0.000000000,02d2
438,001b,0010,,,,,,,,,0.004995000,0.000000000,02d2
439,001b,0010,,,,,,,,,0.004868000,0.000000000,02d2
440,001b,0010,,,,,,,,,0.005002000,0.000000000,02d2
441,001b,0010,,,,,,,,,0.004995000,0.000000000,02d2
442,001b,0010,,,,,,,,,0.004960000,0.000000000,02d2
443,001b,0010,,,,,,,,,0.005180000,0.000000000,02d2
444,001b,0010,,,,,,,,,0.004974000,0.000000000,02d2
445,001b,0010,,,,,,,,,0.004939000,0.000000000,02d2
446,001b,0010,,,,,,,,,0.004838000,0.000000000,02d2
447,001b,0010,,,,,,,,,0.005000000,0.000000000,02d2
448,001b,0010,,,,,,,,,0.005142000,0.000000000,02d2
449,001b,0010,,,,,,,,,0.004822000,0.000000000,02d2
450,001b,0010,,,,,,,,,0.004981000,0.000000000,02d2
451,001b,0010,,,,,,,,,0.005106000,0.000000000,02d2
452,001b,0010,,,,,,,,,0.004870000,0.000000000,02d2
453,001b,0010,,,,,,,,,0.004955000,0.000000000,02d2
454,001b,0010,,,,,,,,,0.004994000,0.000000000,02d2
455,001b,0010,,,,,,,,,0.005126000,0.000000000,02d2
456,001b,0010,,,,,,,,,0.004834000,0.000000000,02d2
457,001b,0010,,,,,,,,,0.004963000,0.000000000,02d2
458,001b,0010,,,,,,,,,0.004992000,0.000000000,02d2
459,001b,0010,,,,,,,,,0.004984000,0.000000000,02d2
460,001b,0010,,,,,,,,,0.004990000,0.000000000,02d2
461,001b,0010,,,,,,,,,0.004976000,0.000000000,02d2
462,001b,0010,,,,,,,,,0.004960000,0.000000000,02d2
463,001b,0010,,,,,,,,,0.004978000,0.000000000,02d2
464,001b,0010,,,,,,,,,0.004991000,0.000000000,02d2
465,001b,0010,,,,,,,,,0.004969000,0.000000000,02d2
466,001b,0010,,,,,,,,,0.004993000,0.000000000,02d2
467,001b,0010,,,,,,,,,0.004992000,0.000000000,02d2
468,001b,0010,,,,,,,,,0.005016000,0.000000000,02d2
469,001b,0010,,,,,,,,,0.005027000,0.000000000,02d2
470,001b,0010,,,,,,,,,0.005096000,0.000000000,02d2
471,001b,0010,,,,,,,,,0.005033000,0.000000000,02d2
472,001b,0010,,,,,,,,,0.004808000,0.000000000,02d2
473,001b,0010,,,,,,,,,0.004056000,0.000000000,02d2
474,001b,0010,,,,,,,,,0.005007000,0.000000000,02d2
475,001b,0010,,,,,,,,,0.004997000,0.000000000,02d2
476,001b,0010,,,,,,,,,0.003984000,0.000000000,02d2
477,001b,0010,,,,,,,,,0.005123000,0.000000000,02d2
478,001b,0010,,,,,,,,,0.004993000,0.000000000,02d2
479,001b,0010,,,,,,,,,0.004791000,0.000000000,02d2
480,001b,0010,,,,,,,,,0.005022000,0.000000000,02d2
481,001b,0010,,,,,,,,,0.005004000,0.000000000,02d2
482,001b,0010,,,,,,,,,0.005006000,0.000000000,02d2
483,001b,0010,,,,,,,,,0.004959000,0.000000000,02d2
484,001b,0010,,,,,,,,,0.005026000,0.000000000,02d2
485,001b,0010,,,,,,,,,0.004962000,0.000000000,02d2
486,001b,0010,,,,,,,,,0.004987000,0.000000000,02d2
487,001b,0010,,,,,,,,,0.004972000,0.000000000,02d2
488,001b,0010,,,,,,,,,0.004995000,0.000000000,02d2
489,001b,0010,,,,,,,,,0.004966000,0.000000000,02d2
490,001b,0010,,,,,,,,,0.004987000,0.000000000,02d2
491,001b,0010,,,,,,,,,0.005014000,0.000000000,02d2
492,001b,0010,,,,,,,,,0.004984000,0.000000000,02d2
493,001b,0010,,,,,,,,,0.004938000,0.000000000,02d2
494,001b,0010,,,,,,,,,0.005006000,0.000000000,02d2
495,001b,0010,,,,,,,,,0.005004000,0.000000000,02d2
496,001b,0010,,,,,,,,,0.004331000,0.000000000,02d2
497,001b,0010,,,,,,,,,0.004578000,0.000000000,02d2
498,001b,0010,,,,,,,,,0.004989000,0.000000000,02d2
499,001b,0010,,,,,,,,,0.004993000,0.000000000,02d2
500,001b,0010,,,,,,,,,0.004984000,0.000000000,02d2
501,001b,0010,,,,,,,,,0.004974000,0.000000000,02d2
502,001b,0010,,,,,,,,,0.004993000,0.000000000,02d2
503,001b,0010,,,,,,,,,0.004983000,0.000000000,02d2
504,001b,0010,,,,,,,,,0.004951000,0.000000000,02d2
505,001b,0010,,,,,,,,,0.004973000,0.000000000,02d2
506,001b,0010,,,,,,,,,0.004995000,0.000000000,02d2
507,001b,0010,,,,,,,,,0.004971000,0.000000000,02d2
508,001b,0010,,,,,,,,,0.004988000,0.000000000,02d2
509,001b,0010,,,,,,,,,0.005002000,0.000000000,02d2
510,001b,0010,,,,,,,,,0.005097000,0.000000000,02d2
511,001b,0010,,,,,,,,,0.005001000,0.000000000,02d2
512,001b,0010,,,,,,,,,0.005293000,0.000000000,02d2
513,001b,0010,,,,,,,,,0.004618000,0.000000000,02d2
514,001b,0010,,,,,,,,,0.005044000,0.000000000,02d2
515,001b,0010,,,,,,,,,0.005100000,0.000000000,02d2
516,001b,0010,,,,,,,,,0.004793000,0.000000000,02d2
517,001b,0010,,,,,,,,,0.005082000,0.000000000,02d2
518,001b,0010,,,,,,,,,0.004985000,0.000000000,02d2
519,001b,0010,,,,,,,,,0.004941000,0.000000000,02d2
520,001b,0010,,,,,,,,,0.005007000,0.000000000,02d2
521,001b,0010,,,,,,,,,0.005139000,0.000000000,02d2
522,001b,0010,,,,,,,,,0.004998000,0.000000000,02d2
523,001b,0010,,,,,,,,,0.004889000,0.000000000,02d2
524,001b,0010,,,,,,,,,0.004987000,0.000000000,02d2
525,001b,0010,,,,,,,,,0.004994000,0.000000000,02d2
526,001b,0010,,,,,,,,,0.004936000,0.000000000,02d2
527,001b,0010,,,,,,,,,0.005157000,0.000000000,02d2
528,001b,0010,,,,,,,,,0.004946000,0.000000000,02d2
529,001b,0010,,,,,,,,,0.004880000,0.000000000,02d2
530,001b,0010,,,,,,,,,0.004972000,0.000000000,02d2
531,001b,0010,,,,,,,,,0.005124000,0.000000000,02d2
532,001b,0010,,,,,,,,,0.004949000,0.000000000,02d2
533,001b,0010,,,,,,,,,0.004839000,0.000000000,02d2
534,001b,0010,,,,,,,,,0.005129000,0.000000000,02d2
535,001b,0010,,,,,,,,,0.004986000,0.000000000,02d2
536,001b,0010,,,,,,,,,0.004829000,0.000000000,02d2
537,001b,0010,,,,,,,,,0.004975000,0.000000000,02d2
538,001b,0010,,,,,,,,,0.004976000,0.000000000,02d2
539,001b,0010,,,,,,,,,0.005002000,0.000000000,02d2
540,001b,0010,,,,,,,,,0.004978000,0.000000000,02d2
541,001b,0010,,,,,,,,,0.004978000,0.000000000,02d2
542,001b,0010,,,,,,,,,0.004980000,0.000000000,02d2
543,001b,0010,,,,,,,,,0.004994000,0.000000000,02d2
544,001b,0010,,,,,,,,,0.004980000,0.000000000,02d2
545,001b,0010,,,,,,,,,0.004960000,0.000000000,02d2
546,001b,0010,,,,,,,,,0.004963000,0.000000000,02d2
547,001b,0010,,,,,,,,,0.005002000,0.000000000,02d2
548,001b,0010,,,,,,,,,0.004974000,0.000000000,02d2
549,001b,0010,,,,,,,,,0.004992000,0.000000000,02d2
550,001b,0010,,,,,,,,,0.004998000,0.000000000,02d2
551,001b,0010,,,,,,,,,0.005104000,0.000000000,02d2
552,001b,0010,,,,,,,,,0.005127000,0.000000000,02d2
553,001b,0010,,,,,,,,,0.004786000,0.000000000,02d2
554,001b,0010,,,,,,,,,0.005137000,0.000000000,02d2
555,001b,0010,,,,,,,,,0.005008000,0.000000000,02d2
556,001b,0010,,,,,,,,,0.004863000,0.000000000,02d2
557,001b,0010,,,,,,,,,0.005016000,0.000000000,02d2
558,001b,0010,,,,,,,,,0.004980000,0.000000000,02d2
559,001b,0010,,,,,,,,,0.004942000,0.000000000,02d2
560,001b,0010,,,,,,,,,0.005023000,0.000000000,02d2
561,001b,0010,,,,,,,,,0.005107000,0.000000000,02d2
562,001b,0010,,,,,,,,,0.004999000,0.000000000,02d2
563,001b,0010,,,,,,,,,0.003865000,0.000000000,02d2
564,001b,0010,,,,,,,,,0.005037000,0.000000000,02d2
565,001b,0010,,,,,,,,,0.004954000,0.000000000,02d2
566,001b,0010,,,,,,,,,0.004960000,0.000000000,02d2
567,001b,0010,,,,,,,,,0.005002000,0.000000000,02d2
568,001b,0010,,,,,,,,,0.005147000,0.000000000,02d2
569,001b,0010,,,,,,,,,0.004968000,0.000000000,02d2
570,001b,0010,,,,,,,,,0.004855000,0.000000000,02d2
571,001b,0010,,,,,,,,,0.004954000,0.000000000,02d2
572,001b,0010,,,,,,,,,0.004992000,0.000000000,02d2
573,001b,0010,,,,,,,,,0.004938000,0.000000000,02d2
574,001b,0010,,,,,,,,,0.005017000,0.000000000,02d2
575,001b,0010,,,,,,,,,0.004984000,0.000000000,02d2
576,001b,0010,,,,,,,,,0.004398000,0.000000000,02d2
577,001b,0010,,,,,,,,,0.003746000,0.000000000,02d2
578,001b,0010,,,,,,,,,0.004845000,0.000000000,02d2
579,001b,0010,,,,,,,,,0.004969000,0.000000000,02d2
580,001b,0010,,,,,,,,,0.004297000,0.000000000,02d2
581,001b,0010,,,,,,,,,0.004635000,0.000000000,02d2
582,001b,0010,,,,,,,,,0.004984000,0.000000000,02d2
583,001b,0010,,,,,,,,,0.004992000,0.000000000,02d2
584,001b,0010,,,,,,,,,0.004968000,0.000000000,02d2
585,001b,0010,,,,,,,,,0.004982000,0.000000000,02d2
586,001b,0010,,,,,,,,,0.004981000,0.000000000,02d2
587,001b,0010,,,,,,,,,0.004981000,0.000000000,02d2
588,001b,0010,,,,,,,,,0.004952000,0.000000000,02d2
589,001b,0010,,,,,,,,,0.004983000,0.000000000,02d2
590,001b,0010,,,,,,,,,0.004969000,0.000000000,02d2
591,001b,0010,,,,,,,,,0.004993000,0.000000000,02d2
592,001b,0010,,,,,,,,,0.004986000,0.000000000,02d2
593,001b,0010,,,,,,,,,0.005016000,0.000000000,02d2
594,001b,0010,,,,,,,,,0.005003000,0.000000000,02d2
595,001b,0010,,,,,,,,,0.005149000,0.000000000,02d2
596,001b,0010,,,,,,,,,0.003993000,0.000000000,02d2
597,001b,0010,,,,,,,,,0.004797000,0.000000000,02d2
598,001b,0010,,,,,,,,,0.005059000,0.000000000,02d2
599,001b,0010,,,,,,,,,0.005011000,0.000000000,02d2
600,001b,0010,,,,,,,,,0.004996000,0.000000000,02d2
601,001b,0010,,,,,,,,,0.004971000,0.000000000,02d2
602,001b,0010,,,,,,,,,0.005112000,0.000000000,02d2
603,001b,0010,,,,,,,,,0.004989000,0.000000000,02d2
604,001b,0010,,,,,,,,,0.003868000,0.000000000,02d2
605,001b,0010,,,,,,,,,0.005018000,0.000000000,02d2
606,001b,0010,,,,,,,,,0.004997000,0.000000000,02d2
607,001b,0010,,,,,,,,,0.004966000,0.000000000,02d2
608,001b,0010,,,,,,,,,0.005148000,0.000000000,02d2
609,001b,0010,,,,,,,,,0.004994000,0.000000000,02d2
610,001b,0010,,,,,,,,,0.004944000,0.000000000,02d2
611,001b,0010,,,,,,,,,0.004849000,0.000000000,02d2
612,001b,0010,,,,,,,,,0.004995000,0.000000000,02d2
613,001b,0010,,,,,,,,,0.004995000,0.000000000,02d2
614,001b,0010,,,,,,,,,0.004949000,0.000000000,02d2
615,001b,0010,,,,,,,,,0.005003000,0.000000000,02d2
616,001b,0010,,,,,,,,,0.005003000,0.000000000,02d2
617,001b,0010,,,,,,,,,0.004984000,0.000000000,02d2
618,001b,0010,,,,,,,,,0.004945000,0.000000000,02d2
619,001b,0010,,,,,,,,,0.005145000,0.000000000,02d2
620,001b,0010,,,,,,,,,0.004955000,0.000000000,02d2
621,001b,0010,,,,,,,,,0.004846000,0.000000000,02d2
622,001b,0010,,,,,,,,,0.005116000,0.000000000,02d2
623,001b,0010,,,,,,,,,0.004968000,0.000000000,02d2
624,001b,0010,,,,,,,,,0.004856000,0.000000000,02d2
625,001b,0010,,,,,,,,,0.005002000,0.000000000,02d2
626,001b,0010,,,,,,,,,0.004952000,0.000000000,02d2
627,001b,0010,,,,,,,,,0.004992000,0.000000000,02d2
628,001b,0010,,,,,,,,,0.004964000,0.000000000,02d2
629,001b,0010,,,,,,,,,0.004388000,0.000000000,02d2
630,001b,0010,,,,,,,,,0.004598000,0.000000000,02d2
631,001b,0010,,,,,,,,,0.004957000,0.000000000,02d2
632,001b,0010,,,,,,,,,0.004964000,0.000000000,02d2
633,001b,0010,,,,,,,,,0.004986000,0.000000000,02d2
634,001b,0010,,,,,,,,,0.004995000,0.000000000,02d2
635,001b,0010,,,,,,,,,0.005127000,0.000000000,02d2
636,001b,0010,,,,,,,,,0.004945000,0.000000000,02d2
637,001b,0010,,,,,,,,,0.004897000,0.000000000,02d2
638,001b,0010,,,,,,,,,0.004964000,0.000000000,02d2
639,001b,0010,,,,,,,,,0.005008000,0.000000000,02d2
640,001b,0010,,,,,,,,,0.005078000,0.000000000,02d2
641,001b,0010,,,,,,,,,0.004844000,0.000000000,02d2
642,001b,0010,,,,,,,,,0.004974000,0.000000000,02d2
643,001b,0010,,,,,,,,,0.004983000,0.000000000,02d2
644,001b,0010,,,,,,,,,0.004982000,0.000000000,02d2
645,001b,0010,,,,,,,,,0.004991000,0.000000000,02d2
646,001b,0010,,,,,,,,,0.004996000,0.000000000,02d2
647,001b,0010,,,,,,,,,0.004972000,0.000000000,02d2
648,001b,0010,,,,,,,,,0.004986000,0.000000000,02d2
649,001b,0010,,,,,,,,,0.004949000,0.000000000,02d2
650,001b,0010,,,,,,,,,0.004977000,0.000000000,02d2
651,001b,0010,,,,,,,,,0.004982000,0.000000000,02d2
652,001b,0010,,,,,,,,,0.004983000,0.000000000,02d2
653,001b,0010,,,,,,,,,0.004991000,0.000000000,02d2
654,001b,0010,,,,,,,,,0.004997000,0.000000000,02d2
655,001b,0010,,,,,,,,,0.005104000,0.000000000,02d2
656,001b,0010,,,,,,,,,0.004993000,0.000000000,02d2
657,001b,0010,,,,,,,,,0.005102000,0.000000000,02d2
658,001b,0010,,,,,,,,,0.004824000,0.000000000,02d2
659,001b,0010,,,,,,,,,0.005138000,0.000000000,02d2
660,001b,0010,,,,,,,,,0.005011000,0.000000000,02d2
661,001b,0010,,,,,,,,,0.004896000,0.000000000,02d2
662,001b,0010,,,,,,,,,0.004984000,0.000000000,02d2
663,001b,0010,,,,,,,,,0.005108000,0.000000000,02d2
664,001b,0010,,,,,,,,,0.004809000,0.000000000,02d2
665,001b,0010,,,,,,,,,0.004022000,0.000000000,02d2
666,001b,0010,,,,,,,,,0.005130000,0.000000000,02d2
667,001b,0010,,,,,,,,,0.004968000,0.000000000,02d2
668,001b,0010,,,,,,,,,0.004842000,0.000000000,02d2
669,001b,0010,,,,,,,,,0.005001000,0.000000000,02d2
670,001b,0010,,,,,,,,,0.005139000,0.000000000,02d2
671,001b,0010,,,,,,,,,0.004845000,0.000000000,02d2
672,001b,0010,,,,,,,,,0.005126000,0.000000000,02d2
673,001b,0010,,,,,,,,,0.004961000,0.000000000,02d2
674,001b,0010,,,,,,,,,0.004850000,0.000000000,02d2
675,001b,0010,,,,,,,,,0.004984000,0.000000000,02d2
676,001b,0010,,,,,,,,,0.004990000,0.000000000,02d2
677,001b,0010,,,,,,,,,0.005118000,0.000000000,02d2
678,001b,0010,,,,,,,,,0.004829000,0.000000000,02d2
679,001b,0010,,,,,,,,,0.005141000,0.000000000,02d2
680,001b,0010,,,,,,,,,0.004955000,0.000000000,02d2
681,001b,0010,,,,,,,,,0.004843000,0.000000000,02d2
682,001b,0010,,,,,,,,,0.004985000,0.000000000,02d2
683,001b,0010,,,,,,,,,0.005006000,0.000000000,02d2
684,001b,0010,,,,,,,,,0.004960000,0.000000000,02d2
685,001b,0010,,,,,,,,,0.004970000,0.000000000,02d2
686,001b,0010,,,,,,,,,0.004997000,0.000000000,02d2
687,001b,0010,,,,,,,,,0.004982000,0.000000000,02d2
688,001b,0010,,,,,,,,,0.004979000,0.000000000,02d2
689,001b,0010,,,,,,,,,0.004984000,0.000000000,02d2
690,001b,0010,,,,,,,,,0.004963000,0.000000000,02d2
691,001b,0010,,,,,,,,,0.004977000,0.000000000,02d2
692,001b,0010,,,,,,,,,0.004966000,0.000000000,02d2
693,001b,0010,,,,,,,,,0.004986000,0.000000000,02d2
694,001b,0010,,,,,,,,,0.004995000,0.000000000,02d2
695,001b,0010,,,,,,,,,0.005023000,0.000000000,02d2
696,001b,0010,,,,,,,,,0.004994000,0.000000000,02d2
697,001b,0010,,,,,,,,,0.005012000,0.000000000,02d2
698,001b,0010,,,,,,,,,0.005012000,0.000000000,02d2
699,001b,0010,,,,,,,,,0.005129000,0.000000000,02d2
700,001b,0010,,,,,,,,,0.004902000,0.000000000,02d2
701,001b,0010,,,,,,,,,0.005063000,0.000000000,02d2
702,001b,0010,,,,,,,,,0.004894000,0.000000000,02d2
703,001b,0010,,,,,,,,,0.004998000,0.000000000,02d2
704,001b,0010,,,,,,,,,0.004978000,0.000000000,02d2
705,001b,0010,,,,,,,,,0.004083000,0.000000000,02d2
706,001b,0010,,,,,,,,,0.005029000,0.000000000,02d2
707,001b,0010,,,,,,,,,0.004977000,0.000000000,02d2
708,001b,0010,,,,,,,,,0.004870000,0.000000000,02d2
709,001b,0010,,,,,,,,,0.005000000,0.000000000,02d2
710,001b,0010,,,,,,,,,0.005110000,0.000000000,02d2
711,001b,0010,,,,,,,,,0.004864000,0.000000000,02d2
712,001b,0010,,,,,,,,,0.005137000,0.000000000,02d2
713,001b,0010,,,,,,,,,0.004198000,0.000000000,02d2
714,001b,0010,,,,,,,,,0.004962000,0.000000000,02d2
715,001b,0010,,,,,,,,,0.004636000,0.000000000,02d2
716,001b,0010,,,,,,,,,0.005022000,0.000000000,02d2
717,001b,0010,,,,,,,,,0.004963000,0.000000000,02d2
718,001b,0010,,,,,,,,,0.004962000,0.000000000,02d2
719,001b,0010,,,,,,,,,0.005124000,0.000000000,02d2
720,001b,0010,,,,,,,,,0.004967000,0.000000000,02d2
721,001b,0010,,,,,,,,,0.004175000,0.000000000,02d2
722,001b,0010,,,,,,,,,0.004659000,0.000000000,02d2
723,001b,0010,,,,,,,,,0.004996000,0.000000000,02d2
724,001b,0010,,,,,,,,,0.005115000,0.000000000,02d2
725,001b,0010,,,,,,,,,0.004847000,0.000000000,02d2
726,001b,0010,,,,,,,,,0.004965000,0.000000000,02d2
727,001b,0010,,,,,,,,,0.004979000,0.000000000,02d2
728,001b,0010,,,,,,,,,0.004990000,0.000000000,02d2
729,001b,0010,,,,,,,,,0.004982000,0.000000000,02d2
730,001b,0010,,,,,,,,,0.004998000,0.000000000,02d2
731,001b,0010,,,,,,,,,0.004972000,0.000000000,02d2
732,001b,0010,,,,,,,,,0.004953000,0.000000000,02d2
733,001b,0010,,,,,,,,,0.004971000,0.000000000,02d2
734,001b,0010,,,,,,,,,0.004990000,0.000000000,02d2
735,001b,0010,,,,,,,,,0.004989000,0.000000000,02d2
736,001b,0010,,,,,,,,,0.004990000,0.000000000,02d2
737,001b,0010,,,,,,,,,0.004974000,0.000000000,02d2
738,001b,0010,,,,,,,,,0.005078000,0.000000000,02d2
739,001b,0010,,,,,,,,,0.005032000,0.000000000,02d2
740,001b,0010,,,,,,,,,0.004971000,0.000000000,02d2
741,001b,0010,,,,,,,,,0.005110000,0.000000000,02d2
742,001b,0010,,,,,,,,,0.004885000,0.000000000,02d2
743,001b,0010,,,,,,,,,0.005086000,0.000000000,02d2
744,001b,0010,,,,,,,,,0.004993000,0.000000000,02d2
745,001b,0010,,,,,,,,,0.003861000,0.000000000,02d2
746,001b,0010,,,,,,,,,0.004936000,0.000000000,02d2
747,001b,0010,,,,,,,,,0.005052000,0.000000000,02d2
748,001b,0010,,,,,,,,,0.004915000,0.000000000,02d2
749,001b,0010,,,,,,,,,0.005160000,0.000000000,02d2
750,001b,0010,,,,,,,,,0.005006000,0.000000000,02d2
751,001b,0010,,,,,,,,,0.004992000,0.000000000,02d2
752,001b,0010,,,,,,,,,0.004835000,0.000000000,02d2
753,001b,0010,,,,,,,,,0.005037000,0.000000000,02d2
754,001b,0010,,,,,,,,,0.005109000,0.000000000,02d2
755,001b,0010,,,,,,,,,0.004840000,0.000000000,02d2
756,001b,0010,,,,,,,,,0.005118000,0.000000000,02d2
757,001b,0010,,,,,,,,,0.004865000,0.000000000,02d2
758,001b,0010,,,,,,,,,0.004959000,0.000000000,02d2
759,001b,0010,,,,,,,,,0.004977000,0.000000000,02d2
760,001b,0010,,,,,,,,,0.004986000,0.000000000,02d2
761,001b,0010,,,,,,,,,0.004974000,0.000000000,02d2
762,001b,0010,,,,,,,,,0.004969000,0.000000000,02d2
763,001b,0010,,,,,,,,,0.005010000,0.000000000,02d2
764,001b,0010,,,,,,,,,0.004317000,0.000000000,02d2
765,001b,0010,,,,,,,,,0.005103000,0.000000000,02d2
766,001b,0010,,,,,,,,,0.004513000,0.000000000,02d2
767,001b,0010,,,,,,,,,0.004986000,0.000000000,02d2
768,001b,0010,,,,,,,,,0.004978000,0.000000000,02d2
769,001b,0010,,,,,,,,,0.004984000,0.000000000,02d2
770,001b,0010,,,,,,,,,0.004971000,0.000000000,02d2
771,001b,0010,,,,,,,,,0.004991000,0.000000000,02d2
772,001b,0010,,,,,,,,,0.004983000,0.000000000,02d2
773,001b,0010,,,,,,,,,0.004968000,0.000000000,02d2
774,001b,0010,,,,,,,,,0.004950000,0.000000000,02d2
775,001b,0010,,,,,,,,,0.004983000,0.000000000,02d2
776,001b,0010,,,,,,,,,0.004976000,0.000000000,02d2
777,001b,0010,,,,,,,,,0.004990000,0.000000000,02d2
778,001b,0010,,,,,,,,,0.004989000,0.000000000,02d2
779,001b,0010,,,,,,,,,0.005027000,0.000000000,02d2
780,001b,0010,,,,,,,,,0.005076000,0.000000000,02d2
781,001b,0010,,,,,,,,,0.005000000,0.000000000,02d2
782,001b,0010,,,,,,,,,0.004920000,0.000000000,02d2
783,001b,0010,,,,,,,,,0.004063000,0.000000000,02d2
784,001b,0010,,,,,,,,,0.005069000,0.000000000,02d2
785,001b,0010,,,,,,,,,0.004804000,0.000000000,02d2
786,001b,0010,,,,,,,,,0.004065000,0.000000000,02d2
787,001b,0010,,,,,,,,,0.005004000,0.000000000,02d2
788,001b,0010,,,,,,,,,0.005116000,0.000000000,02d2
789,001b,0010,,,,,,,,,0.004789000,0.000000000,02d2
790,001b,0010,,,,,,,,,0.004985000,0.000000000,02d2
791,001b,0010,,,,,,,,,0.005002000,0.000000000,02d2
792,001b,0010,,,,,,,,,0.004978000,0.000000000,02d2
793,001b,0010,,,,,,,,,0.005012000,0.000000000,02d2
794,001b,0010,,,,,,,,,0.005003000,0.000000000,02d2
795,001b,0010,,,,,,,,,0.005069000,0.000000000,02d2
796,001b,0010,,,,,,,,,0.004909000,0.000000000,02d2
797,001b,0010,,,,,,,,,0.005157000,0.000000000,02d2
798,001b,0010,,,,,,,,,0.005003000,0.000000000,02d2
799,001b,0010,,,,,,,,,0.004992000,0.000000000,02d2
800,001b,0010,,,,,,,,,0.004905000,0.000000000,02d2
801,001b,0010,,,,,,,,,0.004977000,0.000000000,02d2
802,001b,0010,,,,,,,,,0.004926000,0.000000000,02d2
803,001b,0010,,,,,,,,,0.005037000,0.000000000,02d2
804,001b,0010,,,,,,,,,0.004995000,0.000000000,02d2
805,001b,0010,,,,,,,,,0.004990000,0.000000000,02d2
806,001b,0010,,,,,,,,,0.004962000,0.000000000,02d2
807,001b,0010,,,,,,,,,0.005034000,0.000000000,02d2
808,001b,0010,,,,,,,,,0.005064000,0.000000000,02d2
809,001b,0010,,,,,,,,,0.004843000,0.000000000,02d2
810,001b,0010,,,,,,,,,0.005051000,0.000000000,02d2
811,001b,0010,,,,,,,,,0.004929000,0.000000000,02d2
812,001b,0010,,,,,,,,,0.004951000,0.000000000,02d2
813,001b,0010,,,,,,,,,0.004979000,0.000000000,02d2
814,001b,0010,,,,,,,,,0.005109000,0.000000000,02d2
815,001b,0010,,,,,,,,,0.005196000,0.000000000,02d2
816,001b,0010,,,,,,,,,0.004679000,0.000000000,02d2
817,001b,0010,,,,,,,,,0.004961000,0.000000000,02d2
818,001b,0010,,,,,,,,,0.004324000,0.000000000,02d2
819,001b,0010,,,,,,,,,0.004552000,0.000000000,02d2
820,001b,0010,,,,,,,,,0.005070000,0.000000000,02d2
821,001b,0010,,,,,,,,,0.004991000,0.000000000,02d2
822,001b,0010,,,,,,,,,0.004985000,0.000000000,02d2
823,001b,0010,,,,,,,,,0.004936000,0.000000000,02d2
824,001b,0010,,,,,,,,,0.004353000,0.000000000,02d2
825,001b,0010,,,,,,,,,0.004624000,0.000000000,02d2
826,001b,0010,,,,,,,,,0.004969000,0.000000000,02d2
827,001b,0010,,,,,,,,,0.005004000,0.000000000,02d2
828,001b,0010,,,,,,,,,0.005107000,0.000000000,02d2
829,001b,0010,,,,,,,,,0.004851000,0.000000000,02d2
830,001b,0010,,,,,,,,,0.004969000,0.000000000,02d2
831,001b,0010,,,,,,,,,0.004999000,0.000000000,02d2
832,001b,0010,,,,,,,,,0.005001000,0.000000000,02d2
833,001b,0010,,,,,,,,,0.004937000,0.000000000,02d2
834,001b,0010,,,,,,,,,0.005022000,0.000000000,02d2
835,001b,0010,,,,,,,,,0.004984000,0.000000000,02d2
836,001b,0010,,,,,,,,,0.004945000,0.000000000,02d2
837,001b,0010,,,,,,,,,0.004987000,0.000000000,02d2
838,001b,0010,,,,,,,,,0.004979000,0.000000000,02d2
839,001b,0010,,,,,,,,,0.005001000,0.000000000,02d2
840,001b,0010,,,,,,,,,0.004953000,0.000000000,02d2
841,001b,0010,,,,,,,,,0.005136000,0.000000000,02d2
842,001b,0010,,,,,,,,,0.004963000,0.000000000,02d2
843,001b,0010,,,,,,,,,0.004853000,0.000000000,02d2
844,001b,0010,,,,,,,,,0.004992000,0.000000000,02d2
845,001b,0010,,,,,,,,,0.005115000,0.000000000,02d2
846,001b,0010,,,,,,,,,0.004814000,0.000000000,02d2
847,001b,0010,,,,,,,,,0.004988000,0.000000000,02d2
848,001b,0010,,,,,,,,,0.005105000,0.000000000,02d2
849,001b,0010,,,,,,,,,0.004874000,0.000000000,02d2
850,001b,0010,,,,,,,,,0.004949000,0.000000000,02d2
851,001b,0010,,,,,,,,,0.004993000,0.000000000,02d2
852,001b,0010,,,,,,,,,0.004966000,0.000000000,02d2
853,001b,0010,,,,,,,,,0.004986000,0.000000000,02d2
854,001b,0010,,,,,,,,,0.004977000,0.000000000,02d2
855,001b,0010,,,,,,,,,0.004992000,0.000000000,02d2
856,001b,0010,,,,,,,,,0.004957000,0.000000000,02d2
857,001b,0010,,,,,,,,,0.004968000,0.000000000,02d2
858,001b,0010,,,,,,,,,0.004983000,0.000000000,02d2
859,001b,0010,,,,,,,,,0.004990000,0.000000000,02d2
860,001b,0010,,,,,,,,,0.004991000,0.000000000,02d2
861,001b,0010,,,,,,,,,0.004990000,0.000000000,02d2
862,001b,0010,,,,,,,,,0.005010000,0.000000000,02d2
863,001b,0010,,,,,,,,,0.005026000,0.000000000,02d2
864,001b,0010,,,,,,,,,0.004982000,0.000000000,02d2
865,001b,0010,,,,,,,,,0.004969000,0.000000000,02d2
866,001b,0010,,,,,,,,,0.005063000,0.000000000,02d2
867,001b,0010,,,,,,,,,0.005093000,0.000000000,02d2
868,001b,0010,,,,,,,,,0.004973000,0.000000000,02d2
869,001b,0010,,,,,,,,,0.004837000,0.000000000,02d2
870,001b,0010,,,,,,,,,0.005119000,0.000000000,02d2
871,001b,0010,,,,,,,,,0.004925000,0.000000000,02d2
872,001b,0010,,,,,,,,,0.005084000,0.000000000,02d2
873,001b,0010,,,,,,,,,0.003977000,0.000000000,02d2
874,001b,0010,,,,,,,,,0.004988000,0.000000000,02d2
875,001b,0010,,,,,,,,,0.004999000,0.000000000,02d2
876,001b,0010,,,,,,,,,0.004825000,0.000000000,02d2
877,001b,0010,,,,,,,,,0.005151000,0.000000000,02d2
878,001b,0010,,,,,,,,,0.004876000,0.000000000,02d2
879,001b,0010,,,,,,,,,0.005109000,0.000000000,02d2
880,001b,0010,,,,,,,,,0.004851000,0.000000000,02d2
881,001b,0010,,,,,,,,,0.004403000,0.000000000,02d2
882,001b,0010,,,,,,,,,0.004568000,0.000000000,02d2
883,001b,0010,,,,,,,,,0.004944000,0.000000000,02d2
884,001b,0010,,,,,,,,,0.004996000,0.000000000,02d2
885,001b,0010,,,,,,,,,0.004992000,0.000000000,02d2
886,001b,0010,,,,,,,,,0.004980000,0.000000000,02d2
887,001b,0010,,,,,,,,,0.004955000,0.000000000,02d2
888,001b,0010,,,,,,,,,0.005119000,0.000000000,02d2
889,001b,0010,,,,,,,,,0.004884000,0.000000000,02d2
890,001b,0010,,,,,,,,,0.004960000,0.000000000,02d2
891,001b,0010,,,,,,,,,0.004957000,0.000000000,02d2
892,001b,0010,,,,,,,,,0.004988000,0.000000000,02d2
893,001b,0010,,,,,,,,,0.004992000,0.000000000,02d2
894,001b,0010,,,,,,,,,0.004966000,0.000000000,02d2
895,001b,0010,,,,,,,,,0.004984000,0.000000000,02d2
896,001b,0010,,,,,,,,,0.004984000,0.000000000,02d2
897,001b,0010,,,,,,,,,0.004966000,0.000000000,02d2
898,001b,0010,,,,,,,,,0.004980000,0.000000000,02d2
899,001b,0010,,,,,,,,,0.004977000,0.000000000,02d2
900,001b,0010,,,,,,,,,0.004991000,0.000000000,02d2
901,001b,0010,,,,,,,,,0.004987000,0.000000000,02d2
902,001b,0010,,,,,,,,,0.004986000,0.000000000,02d2
903,001b,0010,,,,,,,,,0.005021000,0.000000000,02d2
904,001b,0010,,,,,,,,,0.005094000,0.000000000,02d2
905,001b,0010,,,,,,,,,0.004985000,0.000000000,02d2
906,001b,0010,,,,,,,,,0.004915000,0.000000000,02d2
907,001b,0010,,,,,,,,,0.005089000,0.000000000,02d2
908,001b,0010,,,,,,,,,0.005074000,0.000000000,02d2
909,001b,0010,,,,,,,,,0.004997000,0.000000000,02d2
910,001b,0010,,,,,,,,,0.004866000,0.000000000,02d2
911,001b,0010,,,,,,,,,0.005026000,0.000000000,02d2
912,001b,0010,,,,,,,,,0.004088000,0.000000000,02d2
913,001b,0010,,,,,,,,,0.004797000,0.000000000,02d2
914,001b,0010,,,,,,,,,0.005177000,0.000000000,02d2
915,001b,0010,,,,,,,,,0.004969000,0.000000000,02d2
916,001b,0010,,,,,,,,,0.004846000,0.000000000,02d2
917,001b,0010,,,,,,,,,0.004997000,0.000000000,02d2
918,001b,0010,,,,,,,,,0.005022000,0.000000000,02d2
919,001b,0010,,,,,,,,,0.004962000,0.000000000,02d2
920,001b,0010,,,,,,,,,0.004959000,0.000000000,02d2
921,001b,0010,,,,,,,,,0.005137000,0.000000000,02d2
922,001b,0010,,,,,,,,,0.004979000,0.000000000,02d2
923,001b,0010,,,,,,,,,0.004220000,0.000000000,02d2
924,001b,0010,,,,,,,,,0.004598000,0.000000000,02d2
925,001b,0010,,,,,,,,,0.004993000,0.000000000,02d2
926,001b,0010,,,,,,,,,0.005113000,0.000000000,02d2
927,001b,0010,,,,,,,,,0.004836000,0.000000000,02d2
928,001b,0010,,,,,,,,,0.005120000,0.000000000,02d2
929,001b,0010,,,,,,,,,0.004867000,0.000000000,02d2
930,001b,0010,,,,,,,,,0.004226000,0.000000000,02d2
931,001b,0010,,,,,,,,,0.004713000,0.000000000,02d2
932,001b,0010,,,,,,,,,0.004992000,0.000000000,02d2
933,001b,0010,,,,,,,,,0.004954000,0.000000000,02d2
934,001b,0010,,,,,,,,,0.004993000,0.000000000,02d2
935,001b,0010,,,,,,,,,0.004969000,0.000000000,02d2
936,001b,0010,,,,,,,,,0.004999000,0.000000000,02d2
937,001b,0010,,,,,,,,,0.004969000,0.000000000,02d2
938,001b,0010,,,,,,,,,0.004993000,0.000000000,02d2
939,001b,0010,,,,,,,,,0.004964000,0.000000000,02d2
940,001b,0010,,,,,,,,,0.004980000,0.000000000,02d2
941,001b,0010,,,,,,,,,0.004968000,0.000000000,02d2
942,001b,0010,,,,,,,,,0.004982000,0.000000000,02d2
943,001b,0010,,,,,,,,,0.004993000,0.000000000,02d2
944,001b,0010,,,,,,,,,0.004998000,0.000000000,02d2
945,001b,0010,,,,,,,,,0.005015000,0.000000000,02d2
946,001b,0010,,,,,,,,,0.005067000,0.000000000,02d2
947,001b,0010,,,,,,,,,0.004941000,0.000000000,02d2
948,001b,0010,,,,,,,,,0.005137000,0.000000000,02d2
949,001b,0010,,,,,,,,,0.004886000,0.000000000,02d2
950,001b,0010,,,,,,,,,0.005012000,0.000000000,02d2
951,001b,0010,,,,,,,,,0.004981000,0.000000000,02d2
952,001b,0010,,,,,,,,,0.004994000,0.000000000,02d2
953,001b,0010,,,,,,,,,0.004906000,0.000000000,02d2
954,001b,0010,,,,,,,,,0.005071000,0.000000000,02d2
955,001b,0010,,,,,,,,,0.004982000,0.000000000,02d2
956,001b,0010,,,,,,,,,0.005091000,0.000000000,02d2
957,001b,0010,,,,,,,,,0.004859000,0.000000000,02d2
958,001b,0010,,,,,,,,,0.005008000,0.000000000,02d2
959,001b,0010,,,,,,,,,0.005118000,0.000000000,02d2
960,001b,0010,,,,,,,,,0.004844000,0.000000000,02d2
961,001b,0010,,,,,,,,,0.005012000,0.000000000,02d2
962,001b,0010,,,,,,,,,0.004986000,0.000000000,02d2
963,001b,0010,,,,,,,,,0.004979000,0.000000000,02d2
964,001b,0010,,,,,,,,,0.004971000,0.000000000,02d2
965,001b,0010,,,,,,,,,0.004407000,0.000000000,02d2
966,001b,0010,,,,,,,,,0.004589000,0.000000000,02d2
967,001b,0010,,,,,,,,,0.004218000,0.000000000,02d2
968,001b,0010,,,,,,,,,0.004712000,0.000000000,02d2
969,001b,0010,,,,,,,,,0.004975000,0.000000000,02d2
970,001b,0010,,,,,,,,,0.005002000,0.000000000,02d2
971,001b,0010,,,,,,,,,0.004964000,0.000000000,02d2
972,001b,0010,,,,,,,,,0.004984000,0.000000000,02d2
973,001b,0010,,,,,,,,,0.005014000,0.000000000,02d2
974,001b,0010,,,,,,,,,0.004959000,0.000000000,02d2
975,001b,0010,,,,,,,,,0.004960000,0.000000000,02d2
976,001b,0010,,,,,,,,,0.004988000,0.000000000,02d2
977,001b,0010,,,,,,,,,0.004978000,0.000000000,02d2
978,001b,0010,,,,,,,,,0.004993000,0.000000000,02d2
979,001b,0010,,,,,,,,,0.004986000,0.000000000,02d2
980,001b,0010,,,,,,,,,0.004972000,0.000000000,02d2
981,001b,0010,,,,,,,,,0.004954000,0.000000000,02d2
982,001b,0010,,,,,,,,,0.004986000,0.000000000,02d2
983,001b,0010,,,,,,,,,0.004977000,0.000000000,02d2
984,001b,0010,,,,,,,,,0.004987000,0.000000000,02d2
985,001b,0010,,,,,,,,,0.004989000,0.000000000,02d2
986,001b,0010,,,,,,,,,0.004986000,0.000000000,02d2
987,001b,0010,,,,,,,,,0.005021000,0.000000000,02d2
988,001b,0010,,,,,,,,,0.005069000,0.000000000,02d2
989,001b,0010,,,,,,,,,0.004976000,0.000000000,02d2
990,001b,0010,,,,,,,,,0.005107000,0.000000000,02d2
991,001b,0010,,,,,,,,,0.004807000,0.000000000,02d2
992,001b,0010,,,,,,,,,0.005164000,0.000000000,02d2
993,001b,0010,,,,,,,,,0.004992000,0.000000000,02d2
994,001b,0010,,,,,,,,,0.004882000,0.000000000,02d2
995,001b,0010,,,,,,,,,0.005017000,0.000000000,02d2
996,001b,0010,,,,,,,,,0.005094000,0.000000000,02d2
997,001b,0010,,,,,,,,,0.004788000,0.000000000,02d2
998,001b,0010,,,,,,,,,0.005165000,0.000000000,02d2
999,001b,0010,,,,,,,,,0.004993000,0.000000000,02d2
