id,algorithm,curve,digest,signature_r,signature_s,private_key,public_key_x,public_key_y,duration,return_code,nonce
0,001c,0003,0000000000000000000000000000000000000000000000000000000000000000,40b3a72fba6bac9394b601a085706cee3d98551e982d908719a2d2aa2d7402eb,efaa49c60cc0508c5df2c270d3a565dc3dc85ec5601ce52b74e198d4e2115503,d07b8e77731e44cdefd29d9417158efe9cc0e8aa15a37ffc007b78d74cc2af6f,77b87e56851b1ebfed3096fc00b309944faa66cd6a6ec7e3c92cdb77723971b3,43ae640b92855cb36a892549a3e055ea8db71535d3f8b2f0a1d7cf37ff426646,0.054146,0000,caaaaa3c60450210f108b4b63865b03a9b650fc7dfeaa035801f9e6e65f13118
1,001c,0003,0000000000000000000000000000000000000000000000000000000000000000,a2c257fdee6a39b0746186e45a032875f4c7b96544c601ff601f529cc0f8cb98,62d8479faea533fc4d444291b50d79657c9e01aad0919c47bde205a9be13ca83,d07b8e77731e44cdefd29d9417158efe9cc0e8aa15a37ffc007b78d74cc2af6f,77b87e56851b1ebfed3096fc00b309944faa66cd6a6ec7e3c92cdb77723971b3,43ae640b92855cb36a892549a3e055ea8db71535d3f8b2f0a1d7cf37ff426646,0.054341,0000,820dc9170aeca59dc7ce87e6cdb86766dac458a1a7c792e7ceae2881db5ec7a2
2,001c,0003,0000000000000000000000000000000000000000000000000000000000000000,b38ded3a33c87295c01f6b71b7e95174c00fc04a0759dfc188a78e659e1ad695,c2a06cd8b31d8b31fee855f5c2753185d15af96405c0ed131f65d805ecdf5acd,d07b8e77731e44cdefd29d9417158efe9cc0e8aa15a37ffc007b78d74cc2af6f,77b87e56851b1ebfed3096fc00b309944faa66cd6a6ec7e3c92cdb77723971b3,43ae640b92855cb36a892549a3e055ea8db71535d3f8b2f0a1d7cf37ff426646,0.054213,0000,fe9bd9bb54929163f9f48576395a780d5aa28a16f2f2b2b152beb0539487e31d
3,001c,0003,0000000000000000000000000000000000000000000000000000000000000000,8430c9fd1e71a0c0b218b9bcbe25dfeb8878a9d9532809017309a507d75a9949,12f62f197afeba9642d25adabf65af1c088f49d94144df17159d17673117aaa8,d07b8e77731e44cdefd29d9417158efe9cc0e8aa15a37ffc007b78d74cc2af6f,77b87e56851b1ebfed3096fc00b309944faa66cd6a6ec7e3c92cdb77723971b3,43ae640b92855cb36a892549a3e055ea8db71535d3f8b2f0a1d7cf37ff426646,0.053353,0000,a37edc4e404830ffe036586824a1f16a1915cb07963be56fa1164141bdd63cb5
4,001c,0003,0000000000000000000000000000000000000000000000000000000000000000,1db64620fbf85a2240b8aed0a7894ff1718ce29e6707cbd7d1e9858f63f9d681,71daf9f0bd84b8d3a1f135ae5fd1a4c15aa9f0505357204910619bc07c8d9be2,d07b8e77731e44cdefd29d9417158efe9cc0e8aa15a37ffc007b78d74cc2af6f,77b87e56851b1ebfed3096fc00b309944faa66cd6a6ec7e3c92cdb77723971b3,43ae640b92855cb36a892549a3e055ea8db71535d3f8b2f0a1d7cf37ff426646,0.053315,0000,b2f4c2026ccea51898ab35192f923453918085df2a2c8c2c0e8653acd21d6be2
5,001c,0003,0000000000000000000000000000000000000000000000000000000000000000,c2161281a874b793964242dcf3dcddfbf338b184db219706b1988e0fcdb35c36,835f35217113de7fd81088d18672b70e6983af652a4a74ee0ea7f6daf35b545f,d07b8e77731e44cdefd29d9417158efe9cc0e8aa15a37ffc007b78d74cc2af6f,77b87e56851b1ebfed3096fc00b309944faa66cd6a6ec7e3c92cdb77723971b3,43ae640b92855cb36a892549a3e055ea8db71535d3f8b2f0a1d7cf37ff426646,0.054342,0000,99b53908a7aeeee7e05a4e9a514f8cc8282ebd399a1d6e6cc80094e2cd24999
6,001c,0003,0000000000000000000000000000000000000000000000000000000000000000,d25475744a53c9c6b60c0e0e59ad1e144f347c9a57d4723ec67159c6d1c76d3c,e7a088e0293127749fc1eeecaf6f73f6e7c96e0fc3f05f00c6588f456d774c7d,d07b8e77731e44cdefd29d9417158efe9cc0e8aa15a37ffc007b78d74cc2af6f,77b87e56851b1ebfed3096fc00b309944faa66cd6a6ec7e3c92cdb77723971b3,43ae640b92855cb36a892549a3e055ea8db71535d3f8b2f0a1d7cf37ff426646,0.053218,0000,fe825816e69a58987c0dde607af9b806d60e9f9f676dd762d1247716c54b4ef3
7,001c,0003,0000000000000000000000000000000000000000000000000000000000000000,f9b585e793a59ef3d22054bf53528dbda83d760a4b8eb8e60fa02136a09154bb,a835a74956c89386529e475b0cd513eb8d51a5b30b5c9dc64129ae6e810b84ad,d07b8e77731e44cdefd29d9417158efe9cc0e8aa15a37ffc007b78d74cc2af6f,77b87e56851b1ebfed3096fc00b309944faa66cd6a6ec7e3c92cdb77723971b3,43ae640b92855cb36a892549a3e055ea8db71535d3f8b2f0a1d7cf37ff426646,0.053922,0000,9e9c1265bf8e2329c48546e88e9e3e9891e19f3075aa88aaa57d3d82a99ab5aa
8,001c,0003,0000000000000000000000000000000000000000000000000000000000000000,990dcc2cb6927bd15e030c5d5719e5e00982990fce652edcccb856eb48aa295f,f694622e9cd00f52bb11299675d8ae448f13bd3a966236a05fbb01ddb25bed02,d07b8e77731e44cdefd29d9417158efe9cc0e8aa15a37ffc007b78d74cc2af6f,77b87e56851b1ebfed3096fc00b309944faa66cd6a6ec7e3c92cdb77723971b3,43ae640b92855cb36a892549a3e055ea8db71535d3f8b2f0a1d7cf37ff426646,0.053975,0000,7ace7b797fac916d29ea79d61dc5916524f90a55ac8265c7b7dfc9ab0fe62640
9,001c,0003,0000000000000000000000000000000000000000000000000000000000000000,ed85924227049211f3e50bef306e9a76cc98a97c2468d1e004a1cc47ed71ad54,15cc845a4baca0c16e281f65c0da5cca55cae62655a151474724fa4426c5cf49,d07b8e77731e44cdefd29d9417158efe9cc0e8aa15a37ffc007b78d74cc2af6f,77b87e56851b1ebfed3096fc00b309944faa66cd6a6ec7e3c92cdb77723971b3,43ae640b92855cb36a892549a3e055ea8db71535d3f8b2f0a1d7cf37ff426646,0.053936,0000,fd5637976f6cf028bf6e1ca1b2b11faed4c0a936e2045d97806b2855c2157b46
10,001c,0003,0000000000000000000000000000000000000000000000000000000000000000,7db590823749b71071161381a360acca1584412c55b091eec9b92ff3a1be53ca,d6c832256d4daa07f062d35dbce66a8e3569a06a0eea885e5739cd10ca68e74d,d07b8e77731e44cdefd29d9417158efe9cc0e8aa15a37ffc007b78d74cc2af6f,77b87e56851b1ebfed3096fc00b309944faa66cd6a6ec7e3c92cdb77723971b3,43ae640b92855cb36a892549a3e055ea8db71535d3f8b2f0a1d7cf37ff426646,0.054063,0000,b1b8d20cb9e1a27c7de221fb6bbd21a8ae0541b8715f48b241b230f34d8fca54
11,001c,0003,0000000000000000000000000000000000000000000000000000000000000000,01456203108b790524f7fe524ae5bf28f764fbbf2164c25edf3d3fd4a13cd5c6,096d03ba75977cabef22652ad1207c0c9d83bcb0677f8ebf4502c20a9e6a818d,d07b8e77731e44cdefd29d9417158efe9cc0e8aa15a37ffc007b78d74cc2af6f,77b87e56851b1ebfed3096fc00b309944faa66cd6a6ec7e3c92cdb77723971b3,43ae640b92855cb36a892549a3e055ea8db71535d3f8b2f0a1d7cf37ff426646,0.053878,0000,9045c406da0a40eb72d9be4ab511b00b31ea3010a80d4f1e4c2b363740f136d7
12,001c,0003,0000000000000000000000000000000000000000000000000000000000000000,d42da02a88991718badc09e04d1ca40a4cabb775763c3e0a53adde96fd4786bd,ad4993e01779c41c01ac53cbed558256256a0cfcb18bc2a39c593aa7da5a92c5,d07b8e77731e44cdefd29d9417158efe9cc0e8aa15a37ffc007b78d74cc2af6f,77b87e56851b1ebfed3096fc00b309944faa66cd6a6ec7e3c92cdb77723971b3,43ae640b92855cb36a892549a3e055ea8db71535d3f8b2f0a1d7cf37ff426646,0.053881,0000,da8e3b8e2240f188da4d441446ef7f65c3316efbe7cec93fd1af115ae372fc75
13,001c,0003,0000000000000000000000000000000000000000000000000000000000000000,8dd601d10d797e99c83506a42f49f10a380069c0d0f850dc12a680c7543ced16,3c214a47713b25613d59a485c6e1c879667acde6379b8127213551e330e046ff,d07b8e77731e44cdefd29d9417158efe9cc0e8aa15a37ffc007b78d74cc2af6f,77b87e56851b1ebfed3096fc00b309944faa66cd6a6ec7e3c92cdb77723971b3,43ae640b92855cb36a892549a3e055ea8db71535d3f8b2f0a1d7cf37ff426646,0.053991,0000,54f8ebbabc6a1043697092326e469f7256d89b0fe3a1d400b98125fb7c797e0f
14,001c,0003,0000000000000000000000000000000000000000000000000000000000000000,9fff9dcb660bb8f1a8fe7a850adcacf755b3652bc2857e4b1dbf80b9394be330,2b2f6d1144d77342585f0536a51cb444772ed7952977cb2fcc4ae565f555ae7b,d07b8e77731e44cdefd29d9417158efe9cc0e8aa15a37ffc007b78d74cc2af6f,77b87e56851b1ebfed3096fc00b309944faa66cd6a6ec7e3c92cdb77723971b3,43ae640b92855cb36a892549a3e055ea8db71535d3f8b2f0a1d7cf37ff426646,0.054230,0000,c6e4f90a36e028d2cdf04cf65edd9d323792f657dc6f91e67f38b396e6c7fede
15,001c,0003,0000000000000000000000000000000000000000000000000000000000000000,42be6bd95a2eead78e268fc691c897faabfd775717c50f8d6ab21af008c6fd98,79400c5ad6be0c154d18c56bfaa4d485fa06a5461491de4a866bb79c6eb7c0e8,d07b8e77731e44cdefd29d9417158efe9cc0e8aa15a37ffc007b78d74cc2af6f,77b87e56851b1ebfed3096fc00b309944faa66cd6a6ec7e3c92cdb77723971b3,43ae640b92855cb36a892549a3e055ea8db71535d3f8b2f0a1d7cf37ff426646,0.054040,0000,d883e8d6e93a423e8e17b1a627521c4aa520e3e359d45e6becf3c37121a2737e
16,001c,0003,0000000000000000000000000000000000000000000000000000000000000000,aafab04f1724fc60d36f1273ddd7b1bbf3da2e7bbab41fe9e09630386fb74f1f,9c602f57d77fec2d3a92203e4d5e26a9f5f4ab964e988e436c051a7c487faa09,d07b8e77731e44cdefd29d9417158efe9cc0e8aa15a37ffc007b78d74cc2af6f,77b87e56851b1ebfed3096fc00b309944faa66cd6a6ec7e3c92cdb77723971b3,43ae640b92855cb36a892549a3e055ea8db71535d3f8b2f0a1d7cf37ff426646,0.053442,0000,ef605b860f9b4d2b73fb5982cce8cc743fe3ab99a29a7f555f38bbbd530ebf75
17,001c,0003,0000000000000000000000000000000000000000000000000000000000000000,10439a080b29c737872a06dc476f075fa96d7e8a3bc04f9c654e937e1c54dd95,0ed0a9f9eba416050a1adb42ed92cea677b25633139091906cebd2b01bbd832d,d07b8e77731e44cdefd29d9417158efe9cc0e8aa15a37ffc007b78d74cc2af6f,77b87e56851b1ebfed3096fc00b309944faa66cd6a6ec7e3c92cdb77723971b3,43ae640b92855cb36a892549a3e055ea8db71535d3f8b2f0a1d7cf37ff426646,0.053882,0000,6867c2dbfa16ac645c3665a475857d0198cc3ee00efba10410e051b1a86b011e
18,001c,0003,0000000000000000000000000000000000000000000000000000000000000000,c2ab500ec552cffd42a2f898d82eede697b006d5e6594cb046e29cc6edfa6f43,d9107ae1356766fd14d728d4d8fe6ab89282be1e34b9fba63125b3e3b0cc2da1,d07b8e77731e44cdefd29d9417158efe9cc0e8aa15a37ffc007b78d74cc2af6f,77b87e56851b1ebfed3096fc00b309944faa66cd6a6ec7e3c92cdb77723971b3,43ae640b92855cb36a892549a3e055ea8db71535d3f8b2f0a1d7cf37ff426646,0.053524,0000,60b56550fdb533e26ebd6fed9bc95712da28297911d87ca46b736713e69cf234
19,001c,0003,0000000000000000000000000000000000000000000000000000000000000000,e65b7b5aa50bd541a6049da95143a5bb9fb5fde4caf0dc42614e720ab4c8fa61,e360a60a771d7cc04a70d401dc3a69376974ff75539035729b1194d6d7db5409,d07b8e77731e44cdefd29d9417158efe9cc0e8aa15a37ffc007b78d74cc2af6f,77b87e56851b1ebfed3096fc00b309944faa66cd6a6ec7e3c92cdb77723971b3,43ae640b92855cb36a892549a3e055ea8db71535d3f8b2f0a1d7cf37ff426646,0.053940,0000,b096d7d897d89a51957e50aca390c8d535b2c15427579c4e1a10a0bb16278f61
20,001c,0003,0000000000000000000000000000000000000000000000000000000000000000,3979859bb89aad8e322677223297e8db4d7829f140795383c997ac1b22ca82e3,4957607be8941a70643455ae62eefd1d21415cf3837079937de044627b97482d,d07b8e77731e44cdefd29d9417158efe9cc0e8aa15a37ffc007b78d74cc2af6f,77b87e56851b1ebfed3096fc00b309944faa66cd6a6ec7e3c92cdb77723971b3,43ae640b92855cb36a892549a3e055ea8db71535d3f8b2f0a1d7cf37ff426646,0.053953,0000,9337f9a9904390ea46781c54b0c15bd8fda14e84d3a18084fd9bbfce3507fd96
21,001c,0003,0000000000000000000000000000000000000000000000000000000000000000,e14ad31b0f2e446abb45e5b6bbc5f9df200360d93b84cc6cc2d3fd8f19564ad5,f25182144acbe7b9e4b629eabca157be0abd0ba820bf3d7aebabfa754372ffe7,d07b8e77731e44cdefd29d9417158efe9cc0e8aa15a37ffc007b78d74cc2af6f,77b87e56851b1ebfed3096fc00b309944faa66cd6a6ec7e3c92cdb77723971b3,43ae640b92855cb36a892549a3e055ea8db71535d3f8b2f0a1d7cf37ff426646,0.053879,0000,a4f58d0ce7f7cf7d3113b0352389b62495829c2018959c9e789c8c29550e4ee5
22,001c,0003,0000000000000000000000000000000000000000000000000000000000000000,a9c696cb9acaac7dace978ab2abdc2bd466355cd9ef6e69d8e2a39a98b161969,9227f5616837126769f102f42c2951a5614d62f35a018aa1d08a9e4beb71e2a6,d07b8e77731e44cdefd29d9417158efe9cc0e8aa15a37ffc007b78d74cc2af6f,77b87e56851b1ebfed3096fc00b309944faa66cd6a6ec7e3c92cdb77723971b3,43ae640b92855cb36a892549a3e055ea8db71535d3f8b2f0a1d7cf37ff426646,0.052983,0000,7455f2525e6b9d1c4bc6d386d359583704fbba9094f64bbd7d639f9fbfbd75ca
23,001c,0003,0000000000000000000000000000000000000000000000000000000000000000,87902920945d11660d3ea4658cd304aa2f1397269809a588434a1d99310f03d7,6c2228875fbbeff75bed4d010d31433b11a3dd6ca7edbfd9b190447506a74052,d07b8e77731e44cdefd29d9417158efe9cc0e8aa15a37ffc007b78d74cc2af6f,77b87e56851b1ebfed3096fc00b309944faa66cd6a6ec7e3c92cdb77723971b3,43ae640b92855cb36a892549a3e055ea8db71535d3f8b2f0a1d7cf37ff426646,0.054132,0000,2dcf0244b0aa1191d2cc4f679c447dee81f58c014396a91705df4253521332fc
24,001c,0003,0000000000000000000000000000000000000000000000000000000000000000,a4dfe1ec9b537d4373c22a4c6372119b15c7abafba68b0157be0c329441b2815,8cd8b3cc24d96a8ba55926ff735de99e05e1c90880fff2f4c4b9d3445069598e,d07b8e77731e44cdefd29d9417158efe9cc0e8aa15a37ffc007b78d74cc2af6f,77b87e56851b1ebfed3096fc00b309944faa66cd6a6ec7e3c92cdb77723971b3,43ae640b92855cb36a892549a3e055ea8db71535d3f8b2f0a1d7cf37ff426646,0.053980,0000,7d22cc851918f8ecb1883ea218def25b8deb5ad68dde39c0a2b59d7bdf3a0d42
25,001c,0003,0000000000000000000000000000000000000000000000000000000000000000,df9a49b3c6cddfa81c585df5d9fc414097b3127c7a31bda4ccaa847deb53f304,a1894c41bc58ddc405b975afcb4eba2bdf6d359e8da1ed4b59ad960b446b199b,d07b8e77731e44cdefd29d9417158efe9cc0e8aa15a37ffc007b78d74cc2af6f,77b87e56851b1ebfed3096fc00b309944faa66cd6a6ec7e3c92cdb77723971b3,43ae640b92855cb36a892549a3e055ea8db71535d3f8b2f0a1d7cf37ff426646,0.053994,0000,ba1e278558eed91916b23bb7a15f48a26a2206bbc19f0b91bdf28e43807ae620
26,001c,0003,0000000000000000000000000000000000000000000000000000000000000000,bd8c577f13e57c81f0f55bc0a9698dfcf2e3fcb72223e78be1f5e8fe79246d1e,6978b5fc61b4bc5dce563fe8a1de0b3f3ee59a6617c594c88aafcd20fe698948,d07b8e77731e44cdefd29d9417158efe9cc0e8aa15a37ffc007b78d74cc2af6f,77b87e56851b1ebfed3096fc00b309944faa66cd6a6ec7e3c92cdb77723971b3,43ae640b92855cb36a892549a3e055ea8db71535d3f8b2f0a1d7cf37ff426646,0.053742,0000,2a200aba259f14d5dd2e0f185e220944145679671acd28c108d3b64012d74889
27,001c,0003,0000000000000000000000000000000000000000000000000000000000000000,827ef9d6dc5bcd2ff874caa3d3118520f2820bd98b85828fac70976f6479df03,20214a186c73712171654a7b63714243ef3b6cb110039a244cd73d0350f1b09d,d07b8e77731e44cdefd29d9417158efe9cc0e8aa15a37ffc007b78d74cc2af6f,77b87e56851b1ebfed3096fc00b309944faa66cd6a6ec7e3c92cdb77723971b3,43ae640b92855cb36a892549a3e055ea8db71535d3f8b2f0a1d7cf37ff426646,0.054016,0000,fd414e6a2809e98f3e72e58992f82224ead49c885f08906056c7caa5804ebf51
28,001c,0003,0000000000000000000000000000000000000000000000000000000000000000,6e2a1492127ea6415167e3edcff75a73a04a9de5d271f20db578bdcc72906925,99f067c5001730c7d33f5eae1fabfab756f75f91897c7637d5a2c2daa0625207,d07b8e77731e44cdefd29d9417158efe9cc0e8aa15a37ffc007b78d74cc2af6f,77b87e56851b1ebfed3096fc00b309944faa66cd6a6ec7e3c92cdb77723971b3,43ae640b92855cb36a892549a3e055ea8db71535d3f8b2f0a1d7cf37ff426646,0.053931,0000,b272d2f445ec71ed5df0349abd33926e64335a036cf2c318efa54b04dead8631
29,001c,0003,0000000000000000000000000000000000000000000000000000000000000000,500889e544317e1e965d623cdcbf3d10ddc3a9ea9eae31eee767c6a5fc5a4e42,052f71c20f18a37729c1514f841bb5a47cfaf53e161dd6f0dd3a5f8da359e36a,d07b8e77731e44cdefd29d9417158efe9cc0e8aa15a37ffc007b78d74cc2af6f,77b87e56851b1ebfed3096fc00b309944faa66cd6a6ec7e3c92cdb77723971b3,43ae640b92855cb36a892549a3e055ea8db71535d3f8b2f0a1d7cf37ff426646,0.053404,0000,fc3ea70c9a477325ceccdfa85a4ee1663001993422394ec6e663a46e7bd57770
30,001c,0003,0000000000000000000000000000000000000000000000000000000000000000,11c13711ebfc55a92085faf75452b080c0dfe756d0f1adf5b6ee71c19ea788de,1a5f0f6e724c488f12eb0d7e0b119cadf921c9aff374e9f77ce7c7a27c02b7eb,d07b8e77731e44cdefd29d9417158efe9cc0e8aa15a37ffc007b78d74cc2af6f,77b87e56851b1ebfed3096fc00b309944faa66cd6a6ec7e3c92cdb77723971b3,43ae640b92855cb36a892549a3e055ea8db71535d3f8b2f0a1d7cf37ff426646,0.053825,0000,1c09fe2e483422b3ffc68e7406216bc867c2fa6e1f51b5d29c8df189240088a6
31,001c,0003,0000000000000000000000000000000000000000000000000000000000000000,983557772173c3b4f96801aeab81aff2bf9e16f66ad3fce208ed47fe19ae8aea,446db3148baf37c228c30875368587d9dbd5358bc1f225a2a2020135abe40938,d07b8e77731e44cdefd29d9417158efe9cc0e8aa15a37ffc007b78d74cc2af6f,77b87e56851b1ebfed3096fc00b309944faa66cd6a6ec7e3c92cdb77723971b3,43ae640b92855cb36a892549a3e055ea8db71535d3f8b2f0a1d7cf37ff426646,0.054383,0000,de92eea2ea0468bd7f5c14f2b2bc536dbe10438aff17a73f8438791f5b31443d
32,001c,0003,0000000000000000000000000000000000000000000000000000000000000000,b5c8df38d161c8026918487635526bb5ab154c34e407cdfc8c1f1dae3801eec5,6dd82060bed89befb5f6592626d3723cd57e7e038c3825c407ad8ed0945ae135,d07b8e77731e44cdefd29d9417158efe9cc0e8aa15a37ffc007b78d74cc2af6f,77b87e56851b1ebfed3096fc00b309944faa66cd6a6ec7e3c92cdb77723971b3,43ae640b92855cb36a892549a3e055ea8db71535d3f8b2f0a1d7cf37ff426646,0.053402,0000,b8e890ce0d84011769b96565b6b1ec1af47cdab550ed4b460bc01937ee9b3066
33,001c,0003,0000000000000000000000000000000000000000000000000000000000000000,d78b991816d1f02496b7467a1ffaabdf430d23c3e43d42cfabf301b0e09f5024,d4186645e124a21de9e6d89f071aab9c9ac60272e3dbd728506127ea2f272632,d07b8e77731e44cdefd29d9417158efe9cc0e8aa15a37ffc007b78d74cc2af6f,77b87e56851b1ebfed3096fc00b309944faa66cd6a6ec7e3c92cdb77723971b3,43ae640b92855cb36a892549a3e055ea8db71535d3f8b2f0a1d7cf37ff426646,0.053445,0000,1cf5101ae974ff4c92645d89284ac9fbb02e83209a599195336004d90a2bcf77
34,001c,0003,0000000000000000000000000000000000000000000000000000000000000000,3be2d1e884316dbef307adf3a57482dcfcd988dc8092f6595ecd2888cf1c3aab,d22de447498aeecb9248cabbc476e4890d4d678533204789cbd86fcad0d4d30e,d07b8e77731e44cdefd29d9417158efe9cc0e8aa15a37ffc007b78d74cc2af6f,77b87e56851b1ebfed3096fc00b309944faa66cd6a6ec7e3c92cdb77723971b3,43ae640b92855cb36a892549a3e055ea8db71535d3f8b2f0a1d7cf37ff426646,0.053437,0000,5a75331c8e40e934cdf2967ce3d4cc67f13df2d625f5ada1b7321f4c23da5d77
35,001c,0003,0000000000000000000000000000000000000000000000000000000000000000,e5afb47c36a9e0aae4aa253739b1037aa399c41c9b9215a70cf13d72dece1fbc,7ee34de10c3199458812aa3dcaeb755b935fb42fcb405f759b9c700343316f36,d07b8e77731e44cdefd29d9417158efe9cc0e8aa15a37ffc007b78d74cc2af6f,77b87e56851b1ebfed3096fc00b309944faa66cd6a6ec7e3c92cdb77723971b3,43ae640b92855cb36a892549a3e055ea8db71535d3f8b2f0a1d7cf37ff426646,0.053919,0000,1cb0f9e96d54147dadf9db978cbf070cdeee9963574b144ea870139c46e6475a
36,001c,0003,0000000000000000000000000000000000000000000000000000000000000000,955195d2247e5d04ee11b52a93424c1ede8295be03dada4bd66db550d0e96afa,0140061f69e5feddf6f7fb74a62b9e881ee1914a9c7b1964e7869ba8f0452189,d07b8e77731e44cdefd29d9417158efe9cc0e8aa15a37ffc007b78d74cc2af6f,77b87e56851b1ebfed3096fc00b309944faa66cd6a6ec7e3c92cdb77723971b3,43ae640b92855cb36a892549a3e055ea8db71535d3f8b2f0a1d7cf37ff426646,0.053507,0000,4b7e6aa246564316f4ec49b7461610e46a92d50b162d761926d96473bd411cce
37,001c,0003,0000000000000000000000000000000000000000000000000000000000000000,6fdf13549088e0500a836371a1126e7c8579a7f434b8c9b0567ef0e4eff067a0,509317fba36cdbcef8dcd49cb39a85c919e296440805f886656f115bce40bfa9,d07b8e77731e44cdefd29d9417158efe9cc0e8aa15a37ffc007b78d74cc2af6f,77b87e56851b1ebfed3096fc00b309944faa66cd6a6ec7e3c92cdb77723971b3,43ae640b92855cb36a892549a3e055ea8db71535d3f8b2f0a1d7cf37ff426646,0.053410,0000,f37b2ab5a180aedb95b7e1c68132347731ba268a2db452c370543094fd914e7e
38,001c,0003,0000000000000000000000000000000000000000000000000000000000000000,867c0c39f57f1e935fa5348e9dfd820d25da5168b6299802cbfdc41e11028900,da9617d2408e8f86110d3caa2fbde0338c545ecb1845a5c6e3d7dd09b157f80c,d07b8e77731e44cdefd29d9417158efe9cc0e8aa15a37ffc007b78d74cc2af6f,77b87e56851b1ebfed3096fc00b309944faa66cd6a6ec7e3c92cdb77723971b3,43ae640b92855cb36a892549a3e055ea8db71535d3f8b2f0a1d7cf37ff426646,0.053410,0000,9b5998625a44fafe6bc0d49db134eebdfa0a30dc9a469b3e38b962989bdff249
39,001c,0003,0000000000000000000000000000000000000000000000000000000000000000,5bc7edacde83be7d9e3bcb3cbe64f632380b7143b58fdccf0618db4dc1acd0d6,b0358dbe6e177603fa89fb044daf377dd871f7828fcdc641d05498be842ec05c,d07b8e77731e44cdefd29d9417158efe9cc0e8aa15a37ffc007b78d74cc2af6f,77b87e56851b1ebfed3096fc00b309944faa66cd6a6ec7e3c92cdb77723971b3,43ae640b92855cb36a892549a3e055ea8db71535d3f8b2f0a1d7cf37ff426646,0.053375,0000,cd610523f301c90e8fd036a99d08d04b2a43871450dd6e533ea87e7b83cc8d98
40,001c,0003,0000000000000000000000000000000000000000000000000000000000000000,a3c40e5b0a2f367c8132f92407a1f60cc3c25bc6a4047b3ee7f74cd87762f13d,2a28d0a3f3fef5686c757fa8c6fa4b97913449cc68de56035667bed38aa8d0e2,d07b8e77731e44cdefd29d9417158efe9cc0e8aa15a37ffc007b78d74cc2af6f,77b87e56851b1ebfed3096fc00b309944faa66cd6a6ec7e3c92cdb77723971b3,43ae640b92855cb36a892549a3e055ea8db71535d3f8b2f0a1d7cf37ff426646,0.053507,0000,721f19118ffcd620eb83164a0bd55f83af4e948393ca4be878600094edd929de
41,001c,0003,0000000000000000000000000000000000000000000000000000000000000000,ffcc57696bd54b9539fff0a859e26190ee5c77613894ef39e4b3a1b464dc9857,ac9d1e41b9400b1375afc3427338e5183fc3f5072a04e0294830860bd94fdd19,d07b8e77731e44cdefd29d9417158efe9cc0e8aa15a37ffc007b78d74cc2af6f,77b87e56851b1ebfed3096fc00b309944faa66cd6a6ec7e3c92cdb77723971b3,43ae640b92855cb36a892549a3e055ea8db71535d3f8b2f0a1d7cf37ff426646,0.053902,0000,c53277fe20b821fb30f604eb681c1968b2837f3b96ee6176cf8afbbb7e7c329b
42,001c,0003,0000000000000000000000000000000000000000000000000000000000000000,273ae2d84767ee3435dc0d4b41a772bf3332b967326af140f22aa3bdc9287f53,baca6ca386f10f2bcf76151bb47df28ea363a5ef3ab35f7a22b32071dda17885,d07b8e77731e44cdefd29d9417158efe9cc0e8aa15a37ffc007b78d74cc2af6f,77b87e56851b1ebfed3096fc00b309944faa66cd6a6ec7e3c92cdb77723971b3,43ae640b92855cb36a892549a3e055ea8db71535d3f8b2f0a1d7cf37ff426646,0.053986,0000,6e851388a611adff5f732e180530cd18bf96fe243a0fa0bc0adb486139ed7962
43,001c,0003,0000000000000000000000000000000000000000000000000000000000000000,27eda2091e648b0e53021174a0da09f2495925632ed6a9263912f49ff592c4be,648815104a25c7fe2e3c3fa09a965059c9d9a8fec66ef6dbe701b212dd2865d9,d07b8e77731e44cdefd29d9417158efe9cc0e8aa15a37ffc007b78d74cc2af6f,77b87e56851b1ebfed3096fc00b309944faa66cd6a6ec7e3c92cdb77723971b3,43ae640b92855cb36a892549a3e055ea8db71535d3f8b2f0a1d7cf37ff426646,0.053997,0000,fad0cb50e9312f338d3263ac8bc8a615385a625aa2e5e2089c162c6f3ba4e93a
44,001c,0003,0000000000000000000000000000000000000000000000000000000000000000,3313866bd2f811f923e890381352c655adf36b87e92a0a86aee6426231f500be,b8612e85f1e3d9fe513b9acd3f3619112973dedf23c13fd4b4255460f7257b69,d07b8e77731e44cdefd29d9417158efe9cc0e8aa15a37ffc007b78d74cc2af6f,77b87e56851b1ebfed3096fc00b309944faa66cd6a6ec7e3c92cdb77723971b3,43ae640b92855cb36a892549a3e055ea8db71535d3f8b2f0a1d7cf37ff426646,0.053971,0000,de8865b7035c21ec4942e6dbfbab1ddeb7b09f601e05b74c92e577fd1f5b182f
45,001c,0003,0000000000000000000000000000000000000000000000000000000000000000,e2f64ffe72b9d77bf83a7752576075c5fff315916073bb3b51081ada4043bdd7,960dd291e2a1816b1d196598bd5454192946c5f6d5f0eeb7e3f0bee15eb4533f,d07b8e77731e44cdefd29d9417158efe9cc0e8aa15a37ffc007b78d74cc2af6f,77b87e56851b1ebfed3096fc00b309944faa66cd6a6ec7e3c92cdb77723971b3,43ae640b92855cb36a892549a3e055ea8db71535d3f8b2f0a1d7cf37ff426646,0.053988,0000,2c604ba3ca32bed1113f1092daa0bbebb08755d16f07fbdc5e6f544bead5869e
46,001c,0003,0000000000000000000000000000000000000000000000000000000000000000,75982e0ead40aaf3a54ca0e802c1f8e9024431ceda1cc44baf747d97c3867a25,078ebe3e2046d779d2aa5675b0a3276a1bd74525fd83d63e97764b96631c1bf6,d07b8e77731e44cdefd29d9417158efe9cc0e8aa15a37ffc007b78d74cc2af6f,77b87e56851b1ebfed3096fc00b309944faa66cd6a6ec7e3c92cdb77723971b3,43ae640b92855cb36a892549a3e055ea8db71535d3f8b2f0a1d7cf37ff426646,0.053813,0000,51712a7fc9392c5e22dd2df521907b10ff066556b3afda53ca7e04c48f82f8cd
47,001c,0003,0000000000000000000000000000000000000000000000000000000000000000,f15d8d3264ec03119461fc37f65e87c85461813302cc44228d87318dc67a8e84,580edeeb05a6e43dc17076b7dffa0082539d25b7fc4174e730e8c484c2334400,d07b8e77731e44cdefd29d9417158efe9cc0e8aa15a37ffc007b78d74cc2af6f,77b87e56851b1ebfed3096fc00b309944faa66cd6a6ec7e3c92cdb77723971b3,43ae640b92855cb36a892549a3e055ea8db71535d3f8b2f0a1d7cf37ff426646,0.053495,0000,114a5601afdf3b794207f523998a4d3652b5ea13ed6241f2cee407e8cc0b69a2
48,001c,0003,0000000000000000000000000000000000000000000000000000000000000000,b6443b981db1178ce023aa4ca54c51cff5738a352ffc8f6f0cbe54dd03a2e033,5d145335a55dc845a6022aa5e96849afe31b047b4d430ced1e5ff65560d04c47,d07b8e77731e44cdefd29d9417158efe9cc0e8aa15a37ffc007b78d74cc2af6f,77b87e56851b1ebfed3096fc00b309944faa66cd6a6ec7e3c92cdb77723971b3,43ae640b92855cb36a892549a3e055ea8db71535d3f8b2f0a1d7cf37ff426646,0.053889,0000,77ef90f13c266732e0e3227a5581ca46d979f6477a28dcffc523efffb6be4f73
49,001c,0003,0000000000000000000000000000000000000000000000000000000000000000,83f23acadf02ab9a2cc6dbb89b599b6859e6e05cb9dd427e90dbc832022b6785,912951d67b5237fab286cabef08e12403d9bbe03b9ac9d1fe004afc98f5cf864,d07b8e77731e44cdefd29d9417158efe9cc0e8aa15a37ffc007b78d74cc2af6f,77b87e56851b1ebfed3096fc00b309944faa66cd6a6ec7e3c92cdb77723971b3,43ae640b92855cb36a892549a3e055ea8db71535d3f8b2f0a1d7cf37ff426646,0.053914,0000,a800f35914fbf8f67089fed6e262e7ac13a3630c890cba5c21e4b35f82038bfd
50,001c,0003,0000000000000000000000000000000000000000000000000000000000000000,47537eae7e38ee9666349889b8ccfe9da9cd18d0be004cb3b999073be984ff0e,5499b396ead5a0e472ec201e02abd6374c15a58fece29c6df81f8bf58fe5a415,d07b8e77731e44cdefd29d9417158efe9cc0e8aa15a37ffc007b78d74cc2af6f,77b87e56851b1ebfed3096fc00b309944faa66cd6a6ec7e3c92cdb77723971b3,43ae640b92855cb36a892549a3e055ea8db71535d3f8b2f0a1d7cf37ff426646,0.054007,0000,6bc4c09f99c8de04f3950a1ce1c7f3d19cc8e25521640e62f53f77d40c834ec
51,001c,0003,0000000000000000000000000000000000000000000000000000000000000000,145769870043328bdfb65f41fcea460a1b43af9459229508b22c81147825bf84,769803318911bf5c91e5d3cc545be59525bb89e0f20a28479d9a62a32bf1bf3c,d07b8e77731e44cdefd29d9417158efe9cc0e8aa15a37ffc007b78d74cc2af6f,77b87e56851b1ebfed3096fc00b309944faa66cd6a6ec7e3c92cdb77723971b3,43ae640b92855cb36a892549a3e055ea8db71535d3f8b2f0a1d7cf37ff426646,0.054106,0000,a98fcb1612414cf2a9c3f4344f0b1957dc84f59f8f4408e0fb2bf8e56fc0158b
52,001c,0003,0000000000000000000000000000000000000000000000000000000000000000,69d77baaa1a36788c73266f3b68b05b48d3e9337200b73d1322f8f90e2e0286a,8ed6d2a77861093239a91bb4d96c038650fc251352e68ce219a7c20908e8d93f,d07b8e77731e44cdefd29d9417158efe9cc0e8aa15a37ffc007b78d74cc2af6f,77b87e56851b1ebfed3096fc00b309944faa66cd6a6ec7e3c92cdb77723971b3,43ae640b92855cb36a892549a3e055ea8db71535d3f8b2f0a1d7cf37ff426646,0.052975,0000,ce6df7a06b2cabf61b7b19da31db73a9df7675408980197d403d9dae277eff97
53,001c,0003,0000000000000000000000000000000000000000000000000000000000000000,20c1d257bb0d7e82335e17845fa23b1a68b37d4e7cf7c123c3fa42e5f2c1874a,87964028012d858f9de8c8bcbbfae665dba14672c77c2d2f309be25b9977644a,d07b8e77731e44cdefd29d9417158efe9cc0e8aa15a37ffc007b78d74cc2af6f,77b87e56851b1ebfed3096fc00b309944faa66cd6a6ec7e3c92cdb77723971b3,43ae640b92855cb36a892549a3e055ea8db71535d3f8b2f0a1d7cf37ff426646,0.053944,0000,8a0bfad99ca514fe861ee6adac98c59b5a124d487c41cfdfab9c6f38210227cf
54,001c,0003,0000000000000000000000000000000000000000000000000000000000000000,d7b2ef574060458fd009d24e1df28a0e2e19212523acd8deeffcb0c0c2300491,9b9f4ac8b947d6b05f4a758fdaed94cfc3f7f3c6db3dbe1684a43a47e7edbbbc,d07b8e77731e44cdefd29d9417158efe9cc0e8aa15a37ffc007b78d74cc2af6f,77b87e56851b1ebfed3096fc00b309944faa66cd6a6ec7e3c92cdb77723971b3,43ae640b92855cb36a892549a3e055ea8db71535d3f8b2f0a1d7cf37ff426646,0.053944,0000,dbf74c0976eb9c120390a7d74a375ae8b5960c8df1d7bc2136b5b41da6996e77
55,001c,0003,0000000000000000000000000000000000000000000000000000000000000000,1839f63f7d306823e9cd19884a9a46b4deea4e28efba1c23a7fd0c66154abd31,d1893df210008d7775198526b4c36acac40dc4a05e412f8389b26292fa08c26c,d07b8e77731e44cdefd29d9417158efe9cc0e8aa15a37ffc007b78d74cc2af6f,77b87e56851b1ebfed3096fc00b309944faa66cd6a6ec7e3c92cdb77723971b3,43ae640b92855cb36a892549a3e055ea8db71535d3f8b2f0a1d7cf37ff426646,0.053523,0000,ffaa558ba3f45332b33505a738288689f0f3ddbe947c01cb5e9b5e087b0ea8a
56,001c,0003,0000000000000000000000000000000000000000000000000000000000000000,81f87e7ac673449e77fff8a08a518a23a85daa5b87137e650630d3f5c6f97c8a,6f6bb7f6f24b5b8814658fae03c80d84a14e319b33fe421a6f03189216ca88d2,d07b8e77731e44cdefd29d9417158efe9cc0e8aa15a37ffc007b78d74cc2af6f,77b87e56851b1ebfed3096fc00b309944faa66cd6a6ec7e3c92cdb77723971b3,43ae640b92855cb36a892549a3e055ea8db71535d3f8b2f0a1d7cf37ff426646,0.053417,0000,b5f3d5fe6f6b576fcc980ca06444a027c7c903f278a01fd556e5913607201f6e
57,001c,0003,0000000000000000000000000000000000000000000000000000000000000000,628df02562a835a888c728c08fca800555de502c204faa971e02792d117c1403,bed8458479dbf1456ae1e426d06df6d9d7ad8b948bbf3d7f9fbf621c55c84a40,d07b8e77731e44cdefd29d9417158efe9cc0e8aa15a37ffc007b78d74cc2af6f,77b87e56851b1ebfed3096fc00b309944faa66cd6a6ec7e3c92cdb77723971b3,43ae640b92855cb36a892549a3e055ea8db71535d3f8b2f0a1d7cf37ff426646,0.053363,0000,bf99a8937505f24ccee8452a02082b8c02451d0aeef60d49b0331058c84ee6a0
58,001c,0003,0000000000000000000000000000000000000000000000000000000000000000,46c4891456e4c04d70b90285fdb129f9cbb2f543e9256dbd3a950b91febfb321,073049fbe6c79ae4e8ca27ae3697cbd3bf0c7e15161327f7c753086b5e98742c,d07b8e77731e44cdefd29d9417158efe9cc0e8aa15a37ffc007b78d74cc2af6f,77b87e56851b1ebfed3096fc00b309944faa66cd6a6ec7e3c92cdb77723971b3,43ae640b92855cb36a892549a3e055ea8db71535d3f8b2f0a1d7cf37ff426646,0.053426,0000,1f1aa4988653cc4c2194f374502eec104b4b28c0732c36f08648bb90f6bc6a05
59,001c,0003,0000000000000000000000000000000000000000000000000000000000000000,fb3bd3408b41abaa8affec1d6a0864847063fbc56306334a113c3d1b4a7ecccd,bf71b51c50370d602f968f91ca98817f6aea28304ba113e617ade329a40640db,d07b8e77731e44cdefd29d9417158efe9cc0e8aa15a37ffc007b78d74cc2af6f,77b87e56851b1ebfed3096fc00b309944faa66cd6a6ec7e3c92cdb77723971b3,43ae640b92855cb36a892549a3e055ea8db71535d3f8b2f0a1d7cf37ff426646,0.053471,0000,a33c7d81c2321bb7b9cf7cb954978969a498bf6d87e01135c4061f71c1c6f1f6
60,001c,0003,0000000000000000000000000000000000000000000000000000000000000000,e1c586911c24734180e028e2f2663612e95afcbdaf09bd01c75e7931a8d1edee,475ea5f92272e35dc4dd421381ded7dc96fbb9a2060dc8601db19e258650c795,d07b8e77731e44cdefd29d9417158efe9cc0e8aa15a37ffc007b78d74cc2af6f,77b87e56851b1ebfed3096fc00b309944faa66cd6a6ec7e3c92cdb77723971b3,43ae640b92855cb36a892549a3e055ea8db71535d3f8b2f0a1d7cf37ff426646,0.054035,0000,cd068904a4bab777663d9c77d8f12cceb2da13d2653151861c1fd6a1b013b1c7
61,001c,0003,0000000000000000000000000000000000000000000000000000000000000000,f86194731daf9d3ca72f8414baec2e492a07fbcd35c6cb756ff4733801995f34,87ec23907e16bd73df87faf77ea3edb50eb59f12996f7e41c3d4d661333ac99f,d07b8e77731e44cdefd29d9417158efe9cc0e8aa15a37ffc007b78d74cc2af6f,77b87e56851b1ebfed3096fc00b309944faa66cd6a6ec7e3c92cdb77723971b3,43ae640b92855cb36a892549a3e055ea8db71535d3f8b2f0a1d7cf37ff426646,0.054355,0000,90dc84bd231965e4df7020e5890402fbce35f21b803c377960aabee1239641ed
62,001c,0003,0000000000000000000000000000000000000000000000000000000000000000,7116390c406e7451e7b015fed9ae54db5a51d0afe2f758e5fc96f0c8beda0cc6,aafc30e584a8082b5ba7f6b058705c58a15d23f6123d2e6c255f90f4a69d4506,d07b8e77731e44cdefd29d9417158efe9cc0e8aa15a37ffc007b78d74cc2af6f,77b87e56851b1ebfed3096fc00b309944faa66cd6a6ec7e3c92cdb77723971b3,43ae640b92855cb36a892549a3e055ea8db71535d3f8b2f0a1d7cf37ff426646,0.053387,0000,be9b7cb556e32aacf1ddd8be0c4db3ca679c01f199b40a0a27fc641d951f5f75
63,001c,0003,0000000000000000000000000000000000000000000000000000000000000000,59d59091d39fdf516dafa9ec157288e0d98251829f1aabc2fd0efc414f766d5c,9d1b4c2b42233353e673eecbe37faf0be8a769a334b3d671b519816c064d4297,d07b8e77731e44cdefd29d9417158efe9cc0e8aa15a37ffc007b78d74cc2af6f,77b87e56851b1ebfed3096fc00b309944faa66cd6a6ec7e3c92cdb77723971b3,43ae640b92855cb36a892549a3e055ea8db71535d3f8b2f0a1d7cf37ff426646,0.053904,0000,1c3cd9392d41619151d92cd30fe765c8c2e560987a109e80996d0133fa4098ee
64,001c,0003,0000000000000000000000000000000000000000000000000000000000000000,3e60f2e3d526b6d667e3502457e8a7a23dfc5584b6f08ad619265b4458c21097,09033171efabe1d2a8cf9fea83857c3cef322826947fea919fd6b9210e702af2,d07b8e77731e44cdefd29d9417158efe9cc0e8aa15a37ffc007b78d74cc2af6f,77b87e56851b1ebfed3096fc00b309944faa66cd6a6ec7e3c92cdb77723971b3,43ae640b92855cb36a892549a3e055ea8db71535d3f8b2f0a1d7cf37ff426646,0.053438,0000,11c7f01c79e8f3b119c02b2f133a268aceb29bb6abcf183880011b5833e59ba4
65,001c,0003,0000000000000000000000000000000000000000000000000000000000000000,fe086c20aa7eb3189d11410ae473a71c2f699c2bf3b3cccfaeb939e708d2d0fb,c03a8fa5405b881a11231b1fcde0b0875e78911c720720dce59cfb55519357c4,d07b8e77731e44cdefd29d9417158efe9cc0e8aa15a37ffc007b78d74cc2af6f,77b87e56851b1ebfed3096fc00b309944faa66cd6a6ec7e3c92cdb77723971b3,43ae640b92855cb36a892549a3e055ea8db71535d3f8b2f0a1d7cf37ff426646,0.053996,0000,80503cf4303247cf5060d36baf1a05f942f35e376b0ca590518f719285014897
66,001c,0003,0000000000000000000000000000000000000000000000000000000000000000,1907b1be9299527d271007885890e4d3a5edec93f03c2c8190695a84b080b6a8,d71e941cbe07046348132c4aed2c0b1ebdcc59e83f0ba6a6348a8980297a2fab,d07b8e77731e44cdefd29d9417158efe9cc0e8aa15a37ffc007b78d74cc2af6f,77b87e56851b1ebfed3096fc00b309944faa66cd6a6ec7e3c92cdb77723971b3,43ae640b92855cb36a892549a3e055ea8db71535d3f8b2f0a1d7cf37ff426646,0.052984,0000,2e839c218304503902ab1817969540a0ca35ca9b00b8785972e108167c1db4ec
67,001c,0003,0000000000000000000000000000000000000000000000000000000000000000,ce1ddc1db55db349db5b6e3fa0bb104710bb89b8f4b3634abe41e54b015e032b,2747c993bc1e3b47e33ae40f9c5b038e0b6cf51070d08079ce0de6e32543a053,d07b8e77731e44cdefd29d9417158efe9cc0e8aa15a37ffc007b78d74cc2af6f,77b87e56851b1ebfed3096fc00b309944faa66cd6a6ec7e3c92cdb77723971b3,43ae640b92855cb36a892549a3e055ea8db71535d3f8b2f0a1d7cf37ff426646,0.053961,0000,9401b0b2428c90b7577a1c42adecd8146df5b039bed0c8a39c46aba9ee13cec2
68,001c,0003,0000000000000000000000000000000000000000000000000000000000000000,ab7a55796cf8629d4293c2907b9897b0747c589358901bac5d9a95c5dbba41de,a34b4325304fef5d8e9188d8f71f10937666eee6eeeb7d53509bf67e7455b344,d07b8e77731e44cdefd29d9417158efe9cc0e8aa15a37ffc007b78d74cc2af6f,77b87e56851b1ebfed3096fc00b309944faa66cd6a6ec7e3c92cdb77723971b3,43ae640b92855cb36a892549a3e055ea8db71535d3f8b2f0a1d7cf37ff426646,0.053969,0000,e40fb4320a942608d470c578dbdf4e1aefcc814745b1fcda8255f6205beb6caf
69,001c,0003,0000000000000000000000000000000000000000000000000000000000000000,8de347d3c2b63b2349ffe663b44638707bd82422f337763a4c9909747da131f3,cd865af3cda004af2bf820e0bf39fd6d2d0970aa6233bd226ce4619133162d35,d07b8e77731e44cdefd29d9417158efe9cc0e8aa15a37ffc007b78d74cc2af6f,77b87e56851b1ebfed3096fc00b309944faa66cd6a6ec7e3c92cdb77723971b3,43ae640b92855cb36a892549a3e055ea8db71535d3f8b2f0a1d7cf37ff426646,0.053943,0000,e44af4c8741c3a092809eb2c3ff21a9ec49f222115438315654f5d56e449128
70,001c,0003,0000000000000000000000000000000000000000000000000000000000000000,ed512028c4484b1a0d7333d2564a734466536bd32ee65f90e83610468aea7978,e24a69d68db86c7c1ebcb3e39dca97e0b962037ebe66ed83a9aa68037b69a2c9,d07b8e77731e44cdefd29d9417158efe9cc0e8aa15a37ffc007b78d74cc2af6f,77b87e56851b1ebfed3096fc00b309944faa66cd6a6ec7e3c92cdb77723971b3,43ae640b92855cb36a892549a3e055ea8db71535d3f8b2f0a1d7cf37ff426646,0.054032,0000,df068040057fb1f5176014375ccac86386358873bc9fcc685e769a11dd6f9beb
71,001c,0003,0000000000000000000000000000000000000000000000000000000000000000,6d3f8c66388acc7e272473001db19c6328fadebf3df56f791658193b4a554937,4acb726583acb9a20e139c545010d3878b2c28d4add9a192e601c7cb57833f81,d07b8e77731e44cdefd29d9417158efe9cc0e8aa15a37ffc007b78d74cc2af6f,77b87e56851b1ebfed3096fc00b309944faa66cd6a6ec7e3c92cdb77723971b3,43ae640b92855cb36a892549a3e055ea8db71535d3f8b2f0a1d7cf37ff426646,0.053920,0000,bc0ecd54f9d57961e978f0ad6b30e893de456ddf42365b02178d9b4430c2d71
72,001c,0003,0000000000000000000000000000000000000000000000000000000000000000,6feb408732138e64a88040164084190415be201fc43ac8224928195f6a2d5f8c,ba878b4b96197c35f9da0b42d2cb8b8c8cec95c2841b8af8514850916013198e,d07b8e77731e44cdefd29d9417158efe9cc0e8aa15a37ffc007b78d74cc2af6f,77b87e56851b1ebfed3096fc00b309944faa66cd6a6ec7e3c92cdb77723971b3,43ae640b92855cb36a892549a3e055ea8db71535d3f8b2f0a1d7cf37ff426646,0.053967,0000,19f6a0909518c709e8e9a2c679d94a79d979340371c4db2e094b001c09c788a6
73,001c,0003,0000000000000000000000000000000000000000000000000000000000000000,3a6a7e4ab44a00ca9c08161d2a8bfdc8e541a30499f16e76978f9aecbf3be32a,8ece4abe4e4db93888ed60a7ac286786aff409a05bb5343355281e29f896247e,d07b8e77731e44cdefd29d9417158efe9cc0e8aa15a37ffc007b78d74cc2af6f,77b87e56851b1ebfed3096fc00b309944faa66cd6a6ec7e3c92cdb77723971b3,43ae640b92855cb36a892549a3e055ea8db71535d3f8b2f0a1d7cf37ff426646,0.053960,0000,ee81a68f3e90063dd595050770b9e24755bb06b63047fb6adc5cee7b4e895a19
74,001c,0003,0000000000000000000000000000000000000000000000000000000000000000,add431da0e417bd46da6825cd855e22770b7aeb1d5134ce8b24b2e7e3eba6d3f,a74f2edfc09e335bff3d17bc1130f508ac3fe99c79cf1d5e143dd53e360fcd77,d07b8e77731e44cdefd29d9417158efe9cc0e8aa15a37ffc007b78d74cc2af6f,77b87e56851b1ebfed3096fc00b309944faa66cd6a6ec7e3c92cdb77723971b3,43ae640b92855cb36a892549a3e055ea8db71535d3f8b2f0a1d7cf37ff426646,0.054285,0000,532a54bc222868a9dafabf4007bd4ba7df5c94e29c15cb5fd8248d07f09f0bd1
75,001c,0003,0000000000000000000000000000000000000000000000000000000000000000,bf0fae266bd5b25804de1cbc381e71e19cd4e54ea71f2206e4b7e2add8f19423,3c66594fe5dbb3cc2d11d9da495cc26e55bfa8c0c2b326e878abe02c42539f03,d07b8e77731e44cdefd29d9417158efe9cc0e8aa15a37ffc007b78d74cc2af6f,77b87e56851b1ebfed3096fc00b309944faa66cd6a6ec7e3c92cdb77723971b3,43ae640b92855cb36a892549a3e055ea8db71535d3f8b2f0a1d7cf37ff426646,0.054172,0000,b091e443346dfb6d138f83c41ec3b7c1e6d285eac15e1d798f193bcc148873ae
76,001c,0003,0000000000000000000000000000000000000000000000000000000000000000,00c2683f736d42bdebf5333faa924d626fe62b6343ca8a773d1a77de9e4ae3d6,2a65b1623599757d593ef00a78ed67d234b99faa222e5cee241cb8d7f879281d,d07b8e77731e44cdefd29d9417158efe9cc0e8aa15a37ffc007b78d74cc2af6f,77b87e56851b1ebfed3096fc00b309944faa66cd6a6ec7e3c92cdb77723971b3,43ae640b92855cb36a892549a3e055ea8db71535d3f8b2f0a1d7cf37ff426646,0.053802,0000,b08470c0877f17c06c42b60f5125027ffe9fac75b11b33bb617d221ec0c7092a
77,001c,0003,0000000000000000000000000000000000000000000000000000000000000000,f0eeb221a88adc3e0a11aee6ec17f138f6feb5e2936baf2711c2cfb6590192d8,b5d0d5d7e657015ee54ca3397accc21a738f4d062caceff3ca7461cc506cb332,d07b8e77731e44cdefd29d9417158efe9cc0e8aa15a37ffc007b78d74cc2af6f,77b87e56851b1ebfed3096fc00b309944faa66cd6a6ec7e3c92cdb77723971b3,43ae640b92855cb36a892549a3e055ea8db71535d3f8b2f0a1d7cf37ff426646,0.054347,0000,eca89cd387f0c4b553f0cd6c86524d0cf8689991d659331e33a1982cfd79524d
78,001c,0003,0000000000000000000000000000000000000000000000000000000000000000,6fef1eb06a7bea0247208581e47738489f33f9d921dc80b195506e425ac09c2b,79d9e456a503e7ad7be77614b215547cad96fbdc8339e9c51f3e941b414cd6c3,d07b8e77731e44cdefd29d9417158efe9cc0e8aa15a37ffc007b78d74cc2af6f,77b87e56851b1ebfed3096fc00b309944faa66cd6a6ec7e3c92cdb77723971b3,43ae640b92855cb36a892549a3e055ea8db71535d3f8b2f0a1d7cf37ff426646,0.053925,0000,e0112aa855f793ec00e39dec9f4cf5bdd781432c5dd4b3e29a7cdb709c7cbd39
79,001c,0003,0000000000000000000000000000000000000000000000000000000000000000,1284d4edd11ab31ca426b3a9dd1e2c0cdd74e33d7562a9f686e8ecfe9e69ebc9,88e992298ae80ced098755061721bbbc71774a9aa876248dff7257234028cc44,d07b8e77731e44cdefd29d9417158efe9cc0e8aa15a37ffc007b78d74cc2af6f,77b87e56851b1ebfed3096fc00b309944faa66cd6a6ec7e3c92cdb77723971b3,43ae640b92855cb36a892549a3e055ea8db71535d3f8b2f0a1d7cf37ff426646,0.054027,0000,74c372365ec8f5c9792c4663dae0cf023b7921266e3f6c8a06d3dc7a8ecf5f42
80,001c,0003,0000000000000000000000000000000000000000000000000000000000000000,f618976a69052d70260b7c8737198db10ff854be7d91b3472cd5bcc1f94d52be,2dab115a593019467008d9b4a8ca3a867d486e617bbd906f7a51d87e8ae793ba,d07b8e77731e44cdefd29d9417158efe9cc0e8aa15a37ffc007b78d74cc2af6f,77b87e56851b1ebfed3096fc00b309944faa66cd6a6ec7e3c92cdb77723971b3,43ae640b92855cb36a892549a3e055ea8db71535d3f8b2f0a1d7cf37ff426646,0.053871,0000,984c03e753faa856495091b8afa5b6e6938dd52bff8a48d08298d52839f3997b
81,001c,0003,0000000000000000000000000000000000000000000000000000000000000000,63cb9fd82efb50ff81369fc8ae69e55f9999a49009f01c38e7b6100867bcb92c,e005900defef00d1596b73a4d683efedac0a789cf6a72e3f6e02780e6f226443,d07b8e77731e44cdefd29d9417158efe9cc0e8aa15a37ffc007b78d74cc2af6f,77b87e56851b1ebfed3096fc00b309944faa66cd6a6ec7e3c92cdb77723971b3,43ae640b92855cb36a892549a3e055ea8db71535d3f8b2f0a1d7cf37ff426646,0.054540,0000,27555ce64898b9da430e0242c11f65c74246483a2d9a8b58302b875a4f84a716
82,001c,0003,0000000000000000000000000000000000000000000000000000000000000000,2ed41b40aa7b099ddf0f508106d6bd202465df04928f1a0ac207d767501546ea,bf210f7f6987ff3cf28de07ddeb44f33638426c4ed3e457473af35f9a541424b,d07b8e77731e44cdefd29d9417158efe9cc0e8aa15a37ffc007b78d74cc2af6f,77b87e56851b1ebfed3096fc00b309944faa66cd6a6ec7e3c92cdb77723971b3,43ae640b92855cb36a892549a3e055ea8db71535d3f8b2f0a1d7cf37ff426646,0.053868,0000,f5f3d55c1d37a7c7fd84c6db84e69bc33bbd07ba0ebf0e491c1245339437f304
83,001c,0003,0000000000000000000000000000000000000000000000000000000000000000,12cb7634aa307a1a9c53721c5a7030b25cacdae91239219ba0f9418f359558f1,da88bbe6ac11b17da05cbd381594cf83acdea1c0c8db8e51d5b7c3eebf375a23,d07b8e77731e44cdefd29d9417158efe9cc0e8aa15a37ffc007b78d74cc2af6f,77b87e56851b1ebfed3096fc00b309944faa66cd6a6ec7e3c92cdb77723971b3,43ae640b92855cb36a892549a3e055ea8db71535d3f8b2f0a1d7cf37ff426646,0.053356,0000,d718e8f92418be10fc851d3db72ef5a21bd4cf156de11b36b8e6d3e10ca2954
84,001c,0003,0000000000000000000000000000000000000000000000000000000000000000,e3ab2274f55882234d81a231d16225031eaa2b6131ba6885643e85009ed846bb,7fb25e682dfc26f42a7ea1055845f8c88b995287364a81fa04777571f4636617,d07b8e77731e44cdefd29d9417158efe9cc0e8aa15a37ffc007b78d74cc2af6f,77b87e56851b1ebfed3096fc00b309944faa66cd6a6ec7e3c92cdb77723971b3,43ae640b92855cb36a892549a3e055ea8db71535d3f8b2f0a1d7cf37ff426646,0.053368,0000,5166628fcbd247b5b3723baac57e6179e079f648fafbf0a2553fe401d445f6da
85,001c,0003,0000000000000000000000000000000000000000000000000000000000000000,97cb0b236ee5de336464e9be8693c003601f9608d714c81164a7a8aaf4bea05a,f7cfa12525516f8ff2955367d02e0c6fed909d2ac88c70958587fc0c31ede36c,d07b8e77731e44cdefd29d9417158efe9cc0e8aa15a37ffc007b78d74cc2af6f,77b87e56851b1ebfed3096fc00b309944faa66cd6a6ec7e3c92cdb77723971b3,43ae640b92855cb36a892549a3e055ea8db71535d3f8b2f0a1d7cf37ff426646,0.053449,0000,82195789a2ad1a2519d006366594988f9b9810dd36812f1617cdf0d231b8bf18
86,001c,0003,0000000000000000000000000000000000000000000000000000000000000000,d2e22e2d35ecc65c7f9145e74931e4518e35a594d71f65a3453bf13ed5616aa0,33c0013fd06b0d1555bf03d840156c2ef919663de9bd944b9847dbe5f133654a,d07b8e77731e44cdefd29d9417158efe9cc0e8aa15a37ffc007b78d74cc2af6f,77b87e56851b1ebfed3096fc00b309944faa66cd6a6ec7e3c92cdb77723971b3,43ae640b92855cb36a892549a3e055ea8db71535d3f8b2f0a1d7cf37ff426646,0.053357,0000,b284f65e0d7abe7bc45044d01d177b158cd957e69d14193702f50978a79af8d8
87,001c,0003,0000000000000000000000000000000000000000000000000000000000000000,a73f2374a9301311a4cbc36e1ecbdda3b730cf4334253494fd7dc54f30bdd296,7a8be2494675d94a1da7aecd4672f96829c4f8bd4435a878b598edb509f4ff00,d07b8e77731e44cdefd29d9417158efe9cc0e8aa15a37ffc007b78d74cc2af6f,77b87e56851b1ebfed3096fc00b309944faa66cd6a6ec7e3c92cdb77723971b3,43ae640b92855cb36a892549a3e055ea8db71535d3f8b2f0a1d7cf37ff426646,0.053358,0000,682d7016e0ee59b9fc5f4f5e46e046771f3e9157018d56e99887ec7d64edb8c1
88,001c,0003,0000000000000000000000000000000000000000000000000000000000000000,f2194badbcef8946c69cb8d7d37ed6cc368ed4ae71cf1cd4ba3957b9eea9eb3e,7f379945a4f37703d853ed08bc6779b04ec8ecd4f49273bdf71fdedc683a98f4,d07b8e77731e44cdefd29d9417158efe9cc0e8aa15a37ffc007b78d74cc2af6f,77b87e56851b1ebfed3096fc00b309944faa66cd6a6ec7e3c92cdb77723971b3,43ae640b92855cb36a892549a3e055ea8db71535d3f8b2f0a1d7cf37ff426646,0.054111,0000,30aa9edc404e0e49331dc3f9fd7923090f9ffdb5c03a533e87cff9311c3e861d
89,001c,0003,0000000000000000000000000000000000000000000000000000000000000000,88fcfed2e3dfe2e02ef9109dd776479c68629ae341411d583dca8e8ee9b481c7,cb0f10e5122b53c2dcb21ec4b5f785feaad274bd120262653c1bd047b1f17593,d07b8e77731e44cdefd29d9417158efe9cc0e8aa15a37ffc007b78d74cc2af6f,77b87e56851b1ebfed3096fc00b309944faa66cd6a6ec7e3c92cdb77723971b3,43ae640b92855cb36a892549a3e055ea8db71535d3f8b2f0a1d7cf37ff426646,0.053991,0000,b145867451322fa5074a55c034305969d82643e6591dc65fa10778f6edc1e96a
90,001c,0003,0000000000000000000000000000000000000000000000000000000000000000,f85e0d6bdca46e47aed5892d4ec7d26c98bd27bba165d1c3fa2d6bbaf2c35441,18579b7890e09c1db130ea5ffbb98a252d98bc4e4470464a322982b4bf91f3df,d07b8e77731e44cdefd29d9417158efe9cc0e8aa15a37ffc007b78d74cc2af6f,77b87e56851b1ebfed3096fc00b309944faa66cd6a6ec7e3c92cdb77723971b3,43ae640b92855cb36a892549a3e055ea8db71535d3f8b2f0a1d7cf37ff426646,0.053967,0000,86e002734854551a5b60e63c6ef1a528c7e81a195e0f794f66b2730301888caa
91,001c,0003,0000000000000000000000000000000000000000000000000000000000000000,1e4e335d2810e1c9d7ec617d75831213a7f65d3ad82077d933ad71542114bc50,eb7e3815670b9d909f9ffcee593c8f9cb4a73839dcfb11279d76c22bf9619c5d,d07b8e77731e44cdefd29d9417158efe9cc0e8aa15a37ffc007b78d74cc2af6f,77b87e56851b1ebfed3096fc00b309944faa66cd6a6ec7e3c92cdb77723971b3,43ae640b92855cb36a892549a3e055ea8db71535d3f8b2f0a1d7cf37ff426646,0.053139,0000,ae087f8bf33a5a53a310468c87a2c4ec80efd48ed1aa4629afa1536926846143
92,001c,0003,0000000000000000000000000000000000000000000000000000000000000000,31f8725bab534b9a1b7e0ed6e5bd5a19b019ce9ba8e85266dd894133ebc22427,20a1ed447148b9a595beac444c6cf72cdf780070221eacf0af6af5e71011e0a4,d07b8e77731e44cdefd29d9417158efe9cc0e8aa15a37ffc007b78d74cc2af6f,77b87e56851b1ebfed3096fc00b309944faa66cd6a6ec7e3c92cdb77723971b3,43ae640b92855cb36a892549a3e055ea8db71535d3f8b2f0a1d7cf37ff426646,0.053945,0000,8cf351e3a17b168be125349f40dfb9519ffa2ca9abaf9a8df601325b796a9323
93,001c,0003,0000000000000000000000000000000000000000000000000000000000000000,932560c74ff3be4012b73c6e3322eeb525c11d9c9eaf0dd7bddbc36ddde2ef1e,a7b1c48c68fe9b712438dcb9df99b84fdf4bd80cf18b788a4c85f3c4b1b86d65,d07b8e77731e44cdefd29d9417158efe9cc0e8aa15a37ffc007b78d74cc2af6f,77b87e56851b1ebfed3096fc00b309944faa66cd6a6ec7e3c92cdb77723971b3,43ae640b92855cb36a892549a3e055ea8db71535d3f8b2f0a1d7cf37ff426646,0.054052,0000,64fd877c1a2428b069d53a981478116075bb1bbd57684504741721037eed19c
94,001c,0003,0000000000000000000000000000000000000000000000000000000000000000,46557ff97827347657be17cbc0d85b1e3014510e6fa16f4cf63649725caa950e,1c115303f9a1b2bc1ff4b77ebfbf4d3e94828549d3c4a338c7111aaba61f07a6,d07b8e77731e44cdefd29d9417158efe9cc0e8aa15a37ffc007b78d74cc2af6f,77b87e56851b1ebfed3096fc00b309944faa66cd6a6ec7e3c92cdb77723971b3,43ae640b92855cb36a892549a3e055ea8db71535d3f8b2f0a1d7cf37ff426646,0.054031,0000,be6cb621c0f3a785845940733240311778b660cfcba5cd569f7cec8b8077bd74
95,001c,0003,0000000000000000000000000000000000000000000000000000000000000000,6c4faa58ac5048f95141e7ac63b942f3e35735f0b4524a386747ef13e1fd6d00,bce87a177f4815497c2a875ceb301d656c9816383b210ee9e4ee9078f93a9228,d07b8e77731e44cdefd29d9417158efe9cc0e8aa15a37ffc007b78d74cc2af6f,77b87e56851b1ebfed3096fc00b309944faa66cd6a6ec7e3c92cdb77723971b3,43ae640b92855cb36a892549a3e055ea8db71535d3f8b2f0a1d7cf37ff426646,0.053443,0000,ed59f1d4237f02e841b3b8890b05d986f507de72e4179e8257b8b31d1f5811f3
96,001c,0003,0000000000000000000000000000000000000000000000000000000000000000,f57acedc576493f1794acf0da161c5509a1ed7b2765904dcb12a28a72e2a9290,ed3010c0c1408057561d7b7f4b1b3828337e3e6c95d5d4e2340ac992f35e41f8,d07b8e77731e44cdefd29d9417158efe9cc0e8aa15a37ffc007b78d74cc2af6f,77b87e56851b1ebfed3096fc00b309944faa66cd6a6ec7e3c92cdb77723971b3,43ae640b92855cb36a892549a3e055ea8db71535d3f8b2f0a1d7cf37ff426646,0.053879,0000,fa75d420be439783cf28e6e9e4d063a1b301bc01dd5f7dad455af9b1d7e27a69
97,001c,0003,0000000000000000000000000000000000000000000000000000000000000000,d58d792c2c58d91414bf0a1894301a16ef7dab3fadfa287df7111690be91e7c4,b4231d087b4fe69dd86218e5b79ebfb2972ab3f0fbca42229c80911cb0db6539,d07b8e77731e44cdefd29d9417158efe9cc0e8aa15a37ffc007b78d74cc2af6f,77b87e56851b1ebfed3096fc00b309944faa66cd6a6ec7e3c92cdb77723971b3,43ae640b92855cb36a892549a3e055ea8db71535d3f8b2f0a1d7cf37ff426646,0.054358,0000,ab324c329af52252fef1ae6f3353726b6a8dde04087aaefafdb9c7e1024ddb47
98,001c,0003,0000000000000000000000000000000000000000000000000000000000000000,cafe12867f639fa804e33bfa75460b1b0eed15ccaafa2abdf42d98a2a4968b02,81b3f2d36d500b2ceb209b8b621373574eb0d0aef6a44622813bea38f7986af4,d07b8e77731e44cdefd29d9417158efe9cc0e8aa15a37ffc007b78d74cc2af6f,77b87e56851b1ebfed3096fc00b309944faa66cd6a6ec7e3c92cdb77723971b3,43ae640b92855cb36a892549a3e055ea8db71535d3f8b2f0a1d7cf37ff426646,0.053548,0000,2095ac5a67b4b2cf4c092cf814375d345e89f84d60705667cc422685c4852597
99,001c,0003,0000000000000000000000000000000000000000000000000000000000000000,e4993ffdee15af813696ac66ffe5b65561acc121cd84eb8054cb94865716d05a,1ce15f4efe7752c29efb09c8b0474e1b5d78e12495999c6ff0b245660cfbc8db,d07b8e77731e44cdefd29d9417158efe9cc0e8aa15a37ffc007b78d74cc2af6f,77b87e56851b1ebfed3096fc00b309944faa66cd6a6ec7e3c92cdb77723971b3,43ae640b92855cb36a892549a3e055ea8db71535d3f8b2f0a1d7cf37ff426646,0.053489,0000,6fa76db6f8205236c9aa61c87121de38d8322504742ae175fec0caea6c919fb9
